,age,sex,job,housing,saving_accounts,checking_account,credit_amount,duration,purpose,risk,reference,income,cpf,score_serasa
0,67,male,2,own,,little,1169,6,radio/TV,good,2023-01,,410.927.380-37,102
1,22,female,2,own,little,moderate,5951,48,radio/TV,bad,2023-02,,940.860.054-17,435
2,49,male,1,own,little,,2096,12,education,good,2023-03,,876.796.778-75,860
3,45,male,2,free,little,little,7882,42,furniture/equipment,good,2023-04,,132.482.294-54,270
4,53,male,2,free,little,little,4870,24,car,bad,2023-01,,730.133.071-53,106
5,35,male,1,free,,,9055,36,education,good,2023-02,2095.0,733.399.086-99,71
6,53,male,2,own,quite rich,,2835,24,furniture/equipment,good,2023-03,,406.146.420-51,700
7,35,male,3,rent,little,moderate,6948,36,car,good,2023-04,,735.786.363-80,20
8,61,male,1,own,rich,,3059,12,radio/TV,good,2023-01,,979.008.142-13,614
9,28,male,3,own,little,moderate,5234,30,car,bad,2023-02,,764.401.699-63,121
10,25,female,2,rent,little,moderate,1295,12,car,bad,2023-03,,860.357.578-98,466
11,24,female,2,rent,little,little,4308,48,business,bad,2023-04,,658.665.778-44,214
12,22,female,2,own,little,moderate,1567,12,radio/TV,good,2023-01,,358.846.478-67,330
13,60,male,1,own,little,little,1199,24,car,bad,2023-02,,946.770.499-47,458
14,28,female,2,rent,little,little,1403,15,car,good,2023-03,,892.146.708-46,87
15,32,female,1,own,moderate,little,1282,24,radio/TV,bad,2023-04,,536.466.133-43,372
16,53,male,2,own,,,2424,24,radio/TV,good,2023-01,,935.621.650-99,99
17,25,male,2,own,,little,8072,30,business,good,2023-02,,535.599.137-80,871
18,44,female,3,free,little,moderate,12579,24,car,bad,2023-03,,814.388.813-47,663
19,31,male,2,own,quite rich,,3430,24,radio/TV,good,2023-04,,604.021.955-66,130
20,48,male,2,own,little,,2134,9,car,good,2023-01,,129.105.135-05,661
21,44,male,2,rent,quite rich,little,2647,6,radio/TV,good,2023-02,,199.148.148-91,308
22,48,male,1,rent,little,little,2241,10,car,good,2023-03,,249.777.971-67,769
23,44,male,2,own,moderate,moderate,1804,12,car,good,2023-04,,830.556.909-82,343
24,26,male,2,own,,,2069,10,furniture/equipment,good,2023-01,,346.058.522-63,491
25,36,male,1,own,little,little,1374,6,furniture/equipment,good,2023-02,,871.401.372-00,413
26,39,male,1,own,little,,426,6,radio/TV,good,2023-03,,327.744.494-56,805
27,42,female,2,rent,rich,rich,409,12,radio/TV,good,2023-04,,238.556.571-49,385
28,34,male,2,own,little,moderate,2415,7,radio/TV,good,2023-01,,268.196.386-98,191
29,63,male,2,own,little,little,6836,60,business,bad,2023-02,,447.600.519-53,955
30,36,male,2,own,rich,moderate,1913,18,business,good,2023-03,,363.314.575-34,276
31,27,male,2,own,little,little,4020,24,furniture/equipment,good,2023-04,,484.942.185-73,160
32,30,male,2,own,moderate,moderate,5866,18,car,good,2023-01,,573.879.971-28,459
33,57,male,1,rent,,,1264,12,business,good,2023-02,,743.837.953-15,313
34,33,female,3,own,little,rich,1474,12,furniture/equipment,good,2023-03,,197.169.328-63,21
35,25,male,1,own,little,moderate,4746,45,radio/TV,bad,2023-04,,802.438.019-63,252
36,31,male,2,free,little,,6110,48,education,good,2023-01,,414.280.025-61,747
37,37,male,2,own,little,rich,2100,18,radio/TV,bad,2023-02,,623.496.792-25,856
38,37,male,2,own,little,rich,1225,10,domestic appliances,good,2023-03,,196.555.357-54,560
39,24,male,2,own,little,moderate,458,9,radio/TV,good,2023-04,,878.030.538-58,474
40,30,male,3,own,quite rich,,2333,30,radio/TV,good,2023-01,,629.237.254-50,58
41,26,male,2,own,quite rich,moderate,1158,12,radio/TV,good,2023-02,,877.895.262-00,510
42,44,male,1,own,little,moderate,6204,18,repairs,good,2023-03,,569.937.259-83,681
43,24,male,2,rent,moderate,little,6187,30,car,good,2023-04,,879.271.753-51,475
44,58,female,1,free,little,little,6143,48,car,bad,2023-01,,313.808.166-53,699
45,35,female,3,own,little,,1393,11,car,good,2023-02,,208.075.916-70,975
46,39,male,2,own,quite rich,,2299,36,radio/TV,good,2023-03,,892.787.102-29,782
47,23,female,0,rent,quite rich,little,1352,6,car,good,2023-04,,997.846.854-42,189
48,39,male,1,own,little,,7228,11,car,good,2023-01,,294.468.798-09,957
49,28,female,2,own,moderate,,2073,12,radio/TV,good,2023-02,,559.032.887-07,686
50,29,male,1,own,,moderate,2333,24,furniture/equipment,good,2023-03,3734.0,286.432.752-04,957
51,30,male,3,own,little,moderate,5965,27,car,good,2023-04,,389.103.785-65,562
52,25,male,2,own,little,,1262,12,radio/TV,good,2023-01,,895.550.140-43,875
53,31,male,2,own,,,3378,18,car,good,2023-02,,128.186.921-05,566
54,57,male,2,free,little,moderate,2225,36,car,bad,2023-03,,820.491.447-41,243
55,26,male,1,own,,,783,6,car,good,2023-04,,849.589.587-03,831
56,52,male,3,own,,moderate,6468,12,radio/TV,bad,2023-01,,473.829.493-89,504
57,31,female,2,own,little,,9566,36,radio/TV,good,2023-02,,340.486.150-76,130
58,23,female,3,own,little,rich,1961,18,car,good,2023-03,,382.388.277-52,484
59,23,female,1,rent,little,little,6229,36,furniture/equipment,bad,2023-04,,315.721.344-02,818
60,27,male,2,own,little,moderate,1391,9,business,good,2023-01,,630.470.059-82,646
61,50,male,2,own,,moderate,1537,15,radio/TV,good,2023-02,,286.455.415-13,20
62,61,male,3,free,little,moderate,1953,36,business,bad,2023-03,,213.813.164-50,840
63,25,male,2,own,little,moderate,14421,48,business,bad,2023-04,,671.880.809-17,166
64,26,female,2,own,little,,3181,24,radio/TV,good,2023-01,,582.343.470-71,273
65,48,male,2,own,,,5190,27,repairs,good,2023-02,,965.020.794-58,387
66,29,female,2,own,little,,2171,12,radio/TV,good,2023-03,,111.098.252-69,600
67,22,male,2,own,rich,moderate,1007,12,car,good,2023-04,,536.419.446-94,315
68,37,male,2,free,little,,1819,36,education,bad,2023-01,,692.641.941-85,13
69,25,female,2,own,,,2394,36,radio/TV,good,2023-02,,397.163.893-70,241
70,30,female,2,own,little,,8133,36,car,good,2023-03,,165.176.852-86,776
71,46,male,1,rent,,,730,7,radio/TV,good,2023-04,,676.412.373-04,345
72,51,male,3,free,little,little,1164,8,vacation/others,good,2023-01,,501.745.115-31,564
73,41,female,1,own,little,moderate,5954,42,business,good,2023-02,,287.878.425-13,897
74,40,male,3,own,,little,1977,36,education,bad,2023-03,,729.667.598-52,339
75,66,male,3,free,little,little,1526,12,car,good,2023-04,,576.659.721-52,91
76,34,male,2,own,little,little,3965,42,radio/TV,bad,2023-01,,850.646.231-27,366
77,51,male,2,own,little,moderate,4771,11,radio/TV,good,2023-02,,791.612.025-92,955
78,39,male,1,own,,,9436,54,car,good,2023-03,,575.764.344-73,454
79,22,male,2,own,little,moderate,3832,30,furniture/equipment,good,2023-04,,485.951.356-81,427
80,44,female,2,own,,,5943,24,radio/TV,bad,2023-01,,769.547.177-11,508
81,47,male,2,own,quite rich,,1213,15,radio/TV,good,2023-02,,744.344.391-97,775
82,24,female,1,rent,moderate,,1568,18,business,good,2023-03,,185.661.847-18,942
83,58,female,1,own,little,little,1755,24,vacation/others,good,2023-04,1775.0,544.191.439-40,34
84,52,male,1,own,little,little,2315,10,radio/TV,good,2023-01,,343.254.320-43,205
85,29,female,3,own,little,,1412,12,business,good,2023-02,,124.245.082-32,80
86,27,female,2,own,little,moderate,1295,18,furniture/equipment,good,2023-03,,231.106.084-80,931
87,47,male,2,free,moderate,moderate,12612,36,education,bad,2023-04,,323.598.147-02,561
88,30,male,3,own,moderate,little,2249,18,car,good,2023-01,,206.541.105-81,871
89,28,male,2,own,little,little,1108,12,repairs,bad,2023-02,,411.876.114-92,387
90,56,male,2,own,little,,618,12,radio/TV,good,2023-03,,534.540.131-43,1
91,54,male,2,own,little,little,1409,12,car,good,2023-04,,846.200.123-43,389
92,33,female,1,own,,,797,12,radio/TV,bad,2023-01,,836.263.334-42,565
93,20,male,2,rent,,rich,3617,24,furniture/equipment,good,2023-02,,819.621.321-29,105
94,54,male,2,own,rich,moderate,1318,12,car,good,2023-03,,355.679.320-22,771
95,58,male,2,rent,little,moderate,15945,54,business,bad,2023-04,,510.321.041-04,821
96,61,female,2,own,,,2012,12,education,good,2023-01,,171.537.554-89,476
97,34,male,2,own,moderate,moderate,2622,18,business,good,2023-02,,631.971.747-55,702
98,36,male,2,own,little,moderate,2337,36,radio/TV,good,2023-03,,742.973.641-66,401
99,36,male,3,rent,,moderate,7057,20,car,good,2023-04,,966.585.568-90,729
100,41,male,1,rent,moderate,,1469,24,car,good,2023-01,,847.087.286-97,555
101,24,male,2,rent,little,moderate,2323,36,radio/TV,good,2023-02,,471.980.529-91,161
102,24,female,2,own,little,,932,6,radio/TV,good,2023-03,,757.060.420-20,201
103,35,male,2,rent,little,moderate,1919,9,furniture/equipment,good,2023-04,,821.615.534-45,957
104,26,male,2,rent,,,2445,12,car,good,2023-01,,612.216.171-33,995
105,39,male,3,own,little,moderate,11938,24,vacation/others,bad,2023-02,,584.459.745-13,269
106,39,male,3,own,little,,6458,18,car,bad,2023-03,,251.861.908-96,862
107,32,male,2,own,little,moderate,6078,12,car,good,2023-04,3317.0,511.090.896-60,815
108,30,female,2,own,,little,7721,24,furniture/equipment,good,2023-01,,866.419.605-28,270
109,35,male,2,own,quite rich,moderate,1410,14,business,good,2023-02,,201.526.959-23,455
110,31,male,2,own,moderate,moderate,1449,6,business,good,2023-03,,367.455.268-08,461
111,23,female,2,rent,little,rich,392,15,education,good,2023-04,,709.762.958-49,726
112,28,male,1,rent,little,moderate,6260,18,car,good,2023-01,,559.965.403-63,251
113,25,female,2,own,little,,7855,36,car,bad,2023-02,,985.562.822-53,701
114,35,male,2,own,quite rich,little,1680,12,radio/TV,good,2023-03,,300.563.871-56,295
115,47,male,2,own,,,3578,48,radio/TV,good,2023-04,,692.537.098-98,724
116,30,female,3,own,,little,7174,42,radio/TV,bad,2023-01,,129.565.896-87,719
117,27,female,2,rent,,little,2132,10,furniture/equipment,good,2023-02,,705.186.637-01,748
118,23,female,2,own,quite rich,little,4281,33,furniture/equipment,bad,2023-03,,667.002.188-70,337
119,36,male,3,own,quite rich,moderate,2366,12,car,good,2023-04,,505.772.796-61,878
120,25,female,2,own,little,little,1835,21,radio/TV,bad,2023-01,,351.060.664-76,52
121,41,female,3,rent,little,,3868,24,car,good,2023-02,,708.916.376-80,791
122,24,male,1,rent,little,,1768,12,furniture/equipment,good,2023-03,,205.399.615-31,921
123,63,male,2,free,little,rich,781,10,car,good,2023-04,,686.004.258-32,216
124,27,female,2,rent,,moderate,1924,18,furniture/equipment,bad,2023-01,,516.813.318-53,763
125,30,male,2,own,little,little,2121,12,car,good,2023-02,,938.139.476-88,187
126,40,male,1,own,little,little,701,12,radio/TV,good,2023-03,,855.232.401-68,379
127,30,male,2,own,little,moderate,639,12,repairs,bad,2023-04,,762.794.050-87,492
128,34,male,3,own,little,moderate,1860,12,car,good,2023-01,,927.713.065-22,40
129,29,female,2,own,little,little,3499,12,car,bad,2023-02,,865.361.525-30,156
130,24,female,2,own,,moderate,8487,48,car,good,2023-03,,940.915.580-03,14
131,29,male,2,own,little,little,6887,36,education,bad,2023-04,,926.506.992-99,812
132,27,male,1,own,little,,2708,15,furniture/equipment,good,2023-01,,167.951.050-91,64
133,47,male,2,free,little,,1984,18,furniture/equipment,good,2023-02,,491.228.695-81,856
134,21,female,2,own,moderate,,10144,60,radio/TV,good,2023-03,,651.449.275-48,838
135,38,female,2,own,,,1240,12,radio/TV,good,2023-04,,395.094.573-37,520
136,27,male,2,own,rich,,8613,27,car,good,2023-01,,547.147.538-00,343
137,66,male,1,own,quite rich,moderate,766,12,radio/TV,bad,2023-02,,543.323.971-34,128
138,35,male,2,own,,moderate,2728,15,radio/TV,good,2023-03,,474.637.669-77,647
139,44,female,1,rent,little,rich,1881,12,radio/TV,good,2023-04,,436.669.225-20,471
140,27,male,0,own,rich,rich,709,6,car,good,2023-01,,767.973.919-62,62
141,30,female,3,own,little,moderate,4795,36,radio/TV,good,2023-02,,203.769.254-42,138
142,27,male,3,own,little,little,3416,27,radio/TV,good,2023-03,,197.163.884-62,498
143,22,male,2,own,little,little,2462,18,furniture/equipment,bad,2023-04,,441.103.597-91,592
144,23,female,2,own,little,,2288,21,furniture/equipment,good,2023-01,,163.975.459-89,391
145,30,male,2,own,moderate,moderate,3566,48,business,good,2023-02,,467.899.367-34,674
146,39,female,2,own,little,little,860,6,car,good,2023-03,,724.015.076-39,418
147,51,female,2,own,moderate,,682,12,car,good,2023-04,,719.295.072-67,288
148,28,male,2,own,little,little,5371,36,furniture/equipment,good,2023-01,,511.246.243-41,378
149,46,male,2,own,rich,,1582,18,radio/TV,good,2023-02,,924.063.874-10,772
150,42,male,2,free,moderate,,1346,6,radio/TV,good,2023-03,,749.347.144-48,489
151,38,male,2,own,little,,1924,10,radio/TV,good,2023-04,,415.128.455-90,230
152,24,male,2,own,little,rich,5848,36,radio/TV,good,2023-01,,602.322.528-40,40
153,29,female,2,rent,rich,moderate,7758,24,car,good,2023-02,,501.839.173-16,27
154,36,male,3,rent,moderate,moderate,6967,24,business,good,2023-03,,550.955.688-96,134
155,20,female,2,rent,little,little,1282,12,furniture/equipment,bad,2023-04,,603.180.262-79,200
156,48,male,2,own,moderate,little,1288,9,repairs,good,2023-01,,398.173.123-99,839
157,45,male,1,own,little,little,339,12,education,good,2023-02,,926.394.380-00,779
158,38,male,2,own,moderate,moderate,3512,24,car,good,2023-03,,181.861.168-69,929
159,34,male,1,own,,,1898,6,radio/TV,good,2023-04,,451.599.419-08,32
160,36,male,2,own,moderate,,2872,24,radio/TV,good,2023-01,,390.393.729-00,47
161,30,female,2,own,little,,1055,18,car,good,2023-02,,828.437.691-16,502
162,36,male,2,own,quite rich,,1262,15,domestic appliances,good,2023-03,1779.0,316.279.556-74,406
163,70,male,3,free,little,moderate,7308,10,car,good,2023-04,,400.353.963-00,573
164,36,male,2,own,quite rich,,909,36,car,good,2023-01,,702.017.951-75,727
165,32,male,2,own,quite rich,,2978,6,furniture/equipment,good,2023-02,,271.849.876-59,804
166,33,female,2,own,little,little,1131,18,furniture/equipment,bad,2023-03,,190.827.527-86,98
167,20,female,2,own,rich,moderate,1577,11,furniture/equipment,good,2023-04,3454.0,658.685.413-08,683
168,25,female,2,rent,little,,3972,24,furniture/equipment,good,2023-01,,498.624.455-80,871
169,31,male,2,own,little,moderate,1935,24,business,bad,2023-02,,748.013.361-83,725
170,33,male,2,rent,little,little,950,15,car,bad,2023-03,,873.660.738-06,986
171,26,female,2,own,little,,763,12,furniture/equipment,good,2023-04,,241.552.629-08,546
172,34,female,3,own,little,moderate,2064,24,furniture/equipment,bad,2023-01,,419.261.052-30,960
173,33,male,2,own,little,moderate,1414,8,radio/TV,good,2023-02,,988.451.129-26,738
174,26,male,2,own,little,little,3414,21,education,bad,2023-03,,456.490.498-15,612
175,53,female,3,own,,,7485,30,car,bad,2023-04,,917.439.061-96,942
176,42,male,2,own,little,little,2577,12,furniture/equipment,good,2023-01,,827.940.933-55,461
177,52,male,2,own,quite rich,little,338,6,radio/TV,good,2023-02,,324.793.729-36,642
178,31,male,3,rent,little,,1963,12,radio/TV,good,2023-03,,651.802.027-01,768
179,65,male,2,own,little,little,571,21,car,good,2023-04,,795.094.017-49,4
180,28,male,2,own,little,,9572,36,business,bad,2023-01,,585.091.941-49,217
181,30,male,3,own,little,moderate,4455,36,business,bad,2023-02,,348.177.872-44,502
182,40,male,1,own,,little,1647,21,car,bad,2023-03,,943.326.934-93,766
183,50,male,2,own,rich,,3777,24,furniture/equipment,good,2023-04,,458.928.499-53,397
184,36,male,2,own,little,moderate,884,18,car,bad,2023-01,,358.309.383-67,870
185,31,male,2,own,little,,1360,15,radio/TV,good,2023-02,,445.637.525-68,794
186,74,female,3,free,little,moderate,5129,9,car,bad,2023-03,,367.562.795-05,392
187,68,male,0,free,little,moderate,1175,16,car,good,2023-04,,481.253.049-08,206
188,20,male,2,own,moderate,little,674,12,radio/TV,bad,2023-01,,991.743.779-73,14
189,33,female,2,own,little,moderate,3244,18,furniture/equipment,good,2023-02,,852.920.396-83,857
190,54,male,3,own,rich,,4591,24,business,bad,2023-03,,679.648.988-84,553
191,34,male,1,free,moderate,moderate,3844,48,business,bad,2023-04,,916.064.798-14,891
192,36,male,2,own,little,moderate,3915,27,business,bad,2023-01,,120.778.286-68,460
193,29,male,2,rent,little,,2108,6,radio/TV,good,2023-02,,963.003.640-11,690
194,21,male,2,rent,moderate,moderate,3031,45,radio/TV,bad,2023-03,,832.197.174-11,574
195,34,female,3,own,little,moderate,1501,9,education,bad,2023-04,,253.878.735-16,863
196,28,female,2,own,little,,1382,6,radio/TV,good,2023-01,,784.952.169-22,742
197,27,female,2,rent,moderate,moderate,951,12,furniture/equipment,bad,2023-02,,515.222.205-18,240
198,36,male,2,free,,moderate,2760,24,car,good,2023-03,,841.694.109-20,563
199,40,male,3,own,little,moderate,4297,18,furniture/equipment,bad,2023-04,,960.586.616-17,95
200,52,male,2,own,quite rich,,936,9,education,good,2023-01,,408.406.326-65,899
201,27,male,1,own,little,little,1168,12,car,good,2023-02,,126.471.311-80,733
202,26,male,2,own,little,,5117,27,business,good,2023-03,,105.311.499-00,484
203,21,male,2,rent,little,little,902,12,education,bad,2023-04,,519.066.512-72,406
204,38,male,1,own,little,,1495,12,car,good,2023-01,,318.412.431-24,230
205,38,male,3,free,little,little,10623,30,car,good,2023-02,,808.290.443-70,748
206,43,male,2,own,little,,1935,12,furniture/equipment,good,2023-03,3532.0,295.206.099-11,654
207,26,male,2,own,little,moderate,1424,12,domestic appliances,good,2023-04,,860.972.943-52,170
208,21,male,1,own,little,little,6568,24,business,good,2023-01,,669.196.061-00,540
209,55,male,2,own,rich,,1413,12,car,good,2023-02,,614.661.654-05,35
210,33,male,2,own,,,3074,9,radio/TV,good,2023-03,,741.306.971-70,524
211,45,female,1,own,,,3835,36,radio/TV,good,2023-04,,754.621.799-79,159
212,50,male,2,own,little,little,5293,27,business,bad,2023-01,,186.012.533-69,838
213,66,male,3,own,little,rich,1908,30,business,bad,2023-02,,860.213.351-04,698
214,51,male,2,own,,,3342,36,radio/TV,good,2023-03,,179.885.559-36,242
215,39,female,1,own,,moderate,932,6,education,good,2023-04,,271.614.571-73,85
216,31,male,2,own,little,little,3104,18,business,good,2023-01,,495.279.992-19,795
217,23,male,2,own,little,rich,3913,36,radio/TV,good,2023-02,,836.837.917-21,577
218,24,male,1,rent,little,little,3021,24,furniture/equipment,good,2023-03,,190.013.844-12,681
219,64,female,2,own,little,,1364,10,car,good,2023-04,,499.127.635-72,556
220,26,male,1,own,little,moderate,625,12,radio/TV,good,2023-01,,630.796.485-52,573
221,23,female,2,rent,,little,1200,12,education,good,2023-02,,130.267.797-76,952
222,30,male,2,own,little,,707,12,radio/TV,good,2023-03,,482.786.513-29,645
223,32,male,2,own,,,2978,24,business,good,2023-04,,262.787.783-60,795
224,30,male,2,own,little,,4657,15,car,good,2023-01,,122.636.262-12,27
225,27,male,2,own,little,,2613,36,repairs,good,2023-02,,592.573.471-84,619
226,27,male,2,own,rich,moderate,10961,48,radio/TV,bad,2023-03,,648.525.216-97,555
227,53,male,3,free,little,little,7865,12,furniture/equipment,bad,2023-04,,565.945.588-38,339
228,22,male,2,own,little,,1478,9,radio/TV,bad,2023-01,,426.707.983-81,797
229,22,male,2,free,little,little,3149,24,furniture/equipment,good,2023-02,,129.370.827-50,957
230,26,male,2,own,little,rich,4210,36,radio/TV,bad,2023-03,,237.559.589-02,330
231,51,male,1,free,quite rich,,2507,9,car,good,2023-04,,784.205.555-68,639
232,35,male,2,own,moderate,,2141,12,radio/TV,good,2023-01,,996.551.649-93,505
233,25,male,1,own,little,moderate,866,18,radio/TV,good,2023-02,,371.051.260-35,347
234,42,male,1,own,little,,1544,4,radio/TV,good,2023-03,,255.307.661-45,472
235,30,male,3,own,little,little,1823,24,radio/TV,bad,2023-04,,605.298.723-58,230
236,23,male,0,own,,moderate,14555,6,car,bad,2023-01,,328.184.544-41,189
237,61,male,1,rent,moderate,moderate,2767,21,business,bad,2023-02,,156.318.065-09,224
238,35,female,2,own,little,,1291,12,radio/TV,good,2023-03,,493.738.988-25,384
239,39,male,2,own,little,little,2522,30,radio/TV,good,2023-04,,573.032.257-73,376
240,29,female,2,own,,little,915,24,car,bad,2023-01,,662.252.136-00,282
241,51,male,2,own,little,,1595,6,radio/TV,good,2023-02,,476.422.740-17,957
242,24,male,2,free,little,little,4605,48,car,bad,2023-03,,513.698.817-70,632
243,27,female,2,own,little,,1185,12,business,good,2023-04,,902.977.754-05,627
244,35,female,1,own,quite rich,,3447,12,education,good,2023-01,,331.078.856-30,972
245,25,male,2,own,little,,1258,24,business,good,2023-02,,141.765.312-40,744
246,52,male,2,own,little,,717,12,radio/TV,good,2023-03,3680.0,338.475.082-96,258
247,35,male,2,rent,moderate,,1204,6,car,good,2023-04,,423.351.362-40,358
248,26,male,2,own,little,rich,1925,24,furniture/equipment,good,2023-01,,731.280.819-05,709
249,22,female,2,rent,little,,433,18,radio/TV,bad,2023-02,,227.575.741-40,455
250,39,female,1,own,rich,little,666,6,car,good,2023-03,,946.978.454-55,410
251,46,female,1,own,little,rich,2251,12,furniture/equipment,good,2023-04,,926.295.961-33,648
252,24,female,2,own,little,moderate,2150,30,car,bad,2023-01,,532.049.347-99,317
253,35,male,2,own,moderate,,4151,24,furniture/equipment,good,2023-02,,629.726.929-77,676
254,24,male,2,own,,moderate,2030,9,furniture/equipment,good,2023-03,,167.342.646-88,224
255,27,male,1,own,,moderate,7418,60,radio/TV,good,2023-04,,794.771.973-00,818
256,35,male,1,own,little,,2684,24,radio/TV,good,2023-01,,827.532.962-00,233
257,29,male,2,free,little,little,2149,12,radio/TV,bad,2023-02,,255.804.053-75,683
258,23,female,2,own,moderate,,3812,15,car,good,2023-03,,420.350.350-74,663
259,57,female,1,own,moderate,,1154,11,radio/TV,good,2023-04,,385.939.003-13,974
260,27,male,2,own,little,little,1657,12,furniture/equipment,good,2023-01,,535.616.868-34,826
261,55,female,2,own,little,little,1603,24,radio/TV,good,2023-02,,705.774.067-01,373
262,36,male,3,free,little,little,5302,18,car,good,2023-03,,995.545.833-03,671
263,57,female,1,free,little,,2748,12,education,good,2023-04,,104.952.075-00,607
264,32,male,1,own,little,,1231,10,car,good,2023-01,,875.650.542-67,471
265,37,male,2,own,little,moderate,802,15,radio/TV,bad,2023-02,,732.128.048-90,232
266,36,male,2,own,,,6304,36,business,good,2023-03,,599.789.865-29,691
267,38,female,2,own,little,,1533,24,radio/TV,good,2023-04,,270.650.277-08,112
268,45,male,3,own,little,little,8978,14,car,bad,2023-01,,389.694.289-17,829
269,25,male,2,own,,,999,24,radio/TV,good,2023-02,,649.541.292-49,496
270,32,male,2,own,,,2662,18,car,good,2023-03,,661.022.754-38,441
271,37,female,2,rent,quite rich,,1402,12,furniture/equipment,good,2023-04,,848.629.149-69,563
272,36,male,3,free,,moderate,12169,48,car,good,2023-01,,649.645.527-99,267
273,28,male,2,own,little,moderate,3060,48,radio/TV,bad,2023-02,,239.505.641-36,509
274,34,male,1,own,little,little,11998,30,repairs,bad,2023-03,,607.049.629-93,806
275,32,male,2,own,little,,2697,9,radio/TV,good,2023-04,,340.197.765-20,385
276,26,female,2,own,little,,2404,18,radio/TV,good,2023-01,,706.784.578-59,386
277,49,male,1,own,,little,1262,12,furniture/equipment,good,2023-02,,271.929.423-32,112
278,32,female,2,own,little,,4611,6,furniture/equipment,bad,2023-03,,334.845.107-81,612
279,29,male,3,rent,moderate,,1901,24,radio/TV,good,2023-04,,395.214.605-63,624
280,23,male,2,rent,rich,,3368,15,car,good,2023-01,,447.545.672-00,951
281,50,male,2,own,little,,1574,12,furniture/equipment,good,2023-02,,411.505.294-58,80
282,49,male,1,own,,rich,1445,18,radio/TV,good,2023-03,,757.044.884-71,698
283,63,male,2,own,,,1520,15,furniture/equipment,good,2023-04,,198.328.226-02,112
284,37,male,2,own,moderate,moderate,3878,24,car,good,2023-01,,845.282.113-19,1
285,35,female,1,own,little,little,10722,47,car,good,2023-02,,760.527.962-00,641
286,26,male,2,own,little,little,4788,48,car,good,2023-03,,937.308.545-00,219
287,31,male,3,free,moderate,moderate,7582,48,vacation/others,good,2023-04,,512.745.169-78,565
288,49,female,2,own,little,moderate,1092,12,radio/TV,good,2023-01,,990.445.005-62,854
289,48,male,2,own,little,little,1024,24,radio/TV,bad,2023-02,,413.710.545-68,996
290,26,male,2,own,little,,1076,12,business,good,2023-03,,705.470.463-08,735
291,28,male,3,rent,little,moderate,9398,36,car,bad,2023-04,,884.822.537-35,224
292,44,female,3,free,little,little,6419,24,car,good,2023-01,,411.301.656-98,384
293,56,male,2,free,little,rich,4796,42,car,good,2023-02,,422.824.129-82,402
294,46,male,3,own,,,7629,48,business,good,2023-03,,669.189.144-99,637
295,26,female,2,own,little,moderate,9960,48,furniture/equipment,bad,2023-04,,581.098.549-15,129
296,20,female,2,rent,,,4675,12,car,good,2023-01,,373.708.320-74,52
297,45,male,1,own,,,1287,10,car,good,2023-02,,841.986.467-67,683
298,43,male,2,own,little,,2515,18,furniture/equipment,good,2023-03,,556.859.742-13,729
299,32,male,2,own,rich,moderate,2745,21,furniture/equipment,good,2023-04,,697.850.944-21,671
300,54,female,0,own,little,,672,6,car,good,2023-01,,556.352.877-43,709
301,42,female,2,own,little,moderate,3804,36,radio/TV,bad,2023-02,,736.778.831-05,415
302,37,male,1,own,,rich,1344,24,car,bad,2023-03,,163.607.605-09,246
303,49,male,2,own,little,little,1038,10,car,good,2023-04,,440.730.093-03,835
304,44,male,2,free,quite rich,,10127,48,car,bad,2023-01,,850.926.204-71,438
305,33,male,2,own,rich,,1543,6,furniture/equipment,good,2023-02,,390.045.363-29,202
306,24,female,1,rent,,,4811,30,car,good,2023-03,,111.021.186-48,183
307,33,male,1,own,moderate,little,727,12,radio/TV,bad,2023-04,,971.008.738-00,122
308,24,female,2,own,little,moderate,1237,8,furniture/equipment,bad,2023-01,,738.502.824-14,400
309,22,male,1,rent,little,moderate,276,9,car,good,2023-02,,422.984.837-44,766
310,40,male,0,free,,moderate,5381,48,vacation/others,good,2023-03,,728.671.512-79,293
311,25,male,2,own,moderate,,5511,24,furniture/equipment,good,2023-04,,814.282.636-40,279
312,26,female,2,own,little,rich,3749,24,furniture/equipment,good,2023-01,,604.806.516-71,836
313,25,male,1,own,little,moderate,685,12,car,bad,2023-02,,622.963.425-23,883
314,29,male,1,own,,rich,1494,4,car,good,2023-03,,392.797.831-06,609
315,31,male,2,own,little,little,2746,36,furniture/equipment,bad,2023-04,,210.861.281-50,197
316,38,male,1,own,little,little,708,12,furniture/equipment,good,2023-01,,126.231.747-92,981
317,48,female,1,own,,moderate,4351,24,furniture/equipment,good,2023-02,,680.534.808-02,906
318,32,male,2,own,little,,701,12,education,good,2023-03,,443.448.748-54,510
319,27,female,1,own,little,little,3643,15,furniture/equipment,good,2023-04,,312.727.739-30,751
320,28,male,3,own,little,moderate,4249,30,car,bad,2023-01,,214.777.099-08,143
321,32,male,2,own,little,little,1938,24,radio/TV,bad,2023-02,,624.136.575-41,608
322,34,male,3,free,little,little,2910,24,car,good,2023-03,,883.822.431-50,200
323,28,male,2,own,rich,little,2659,18,furniture/equipment,good,2023-04,,504.975.707-00,123
324,36,female,2,own,little,,1028,18,car,good,2023-01,,365.498.252-29,186
325,39,male,1,own,little,little,3398,8,car,good,2023-02,,900.793.118-06,325
326,49,male,2,rent,,,5801,12,furniture/equipment,good,2023-03,,126.379.085-21,463
327,34,female,2,own,rich,,1525,24,car,good,2023-04,,641.617.683-11,348
328,31,male,2,own,little,rich,4473,36,radio/TV,good,2023-01,,913.946.513-68,770
329,28,male,2,own,little,moderate,1068,6,radio/TV,good,2023-02,3511.0,219.196.636-57,659
330,75,male,3,free,little,little,6615,24,car,good,2023-03,,553.826.363-03,763
331,30,female,2,own,moderate,,1864,18,education,bad,2023-04,,535.718.590-57,954
332,24,female,3,own,moderate,moderate,7408,60,car,bad,2023-01,,704.844.421-55,931
333,24,female,1,rent,moderate,,11590,48,car,bad,2023-02,,101.428.127-06,402
334,23,male,2,rent,little,little,4110,24,furniture/equipment,bad,2023-03,,175.968.554-23,345
335,44,male,3,rent,little,little,3384,6,furniture/equipment,bad,2023-04,,613.626.365-33,962
336,23,female,1,own,little,moderate,2101,13,radio/TV,good,2023-01,,540.462.465-53,510
337,24,female,2,rent,,little,1275,15,domestic appliances,bad,2023-02,,745.108.795-63,146
338,28,male,2,own,little,little,4169,24,furniture/equipment,good,2023-03,,593.054.614-25,147
339,31,male,1,own,little,moderate,1521,10,furniture/equipment,good,2023-04,,752.941.778-97,863
340,24,female,2,free,little,moderate,5743,24,education,good,2023-01,,686.094.878-73,710
341,26,female,1,rent,little,little,3599,21,furniture/equipment,good,2023-02,,363.494.642-30,819
342,25,male,2,rent,quite rich,moderate,3213,18,radio/TV,good,2023-03,,376.772.356-54,488
343,33,male,3,own,little,moderate,4439,18,business,good,2023-04,,232.120.018-95,928
344,37,male,1,own,little,rich,3949,10,car,good,2023-01,,923.699.361-34,935
345,43,female,1,own,little,,1459,15,radio/TV,good,2023-02,,349.811.585-56,639
346,23,male,2,own,little,moderate,882,13,radio/TV,good,2023-03,,118.268.849-71,550
347,23,female,0,rent,quite rich,moderate,3758,24,radio/TV,good,2023-04,,348.165.628-93,337
348,34,male,1,own,moderate,,1743,6,business,good,2023-01,,613.238.942-33,871
349,32,male,2,free,rich,moderate,1136,9,education,bad,2023-02,,937.669.943-28,640
350,23,female,2,rent,little,,1236,9,domestic appliances,good,2023-03,,303.388.366-40,778
351,29,female,2,own,little,moderate,959,9,furniture/equipment,bad,2023-04,,874.542.294-09,987
352,38,male,3,own,,,3229,18,car,good,2023-01,,832.999.560-78,952
353,28,male,2,rent,little,little,6199,12,radio/TV,bad,2023-02,,710.956.386-37,472
354,46,male,2,free,quite rich,,727,10,education,good,2023-03,,420.532.628-93,945
355,23,male,1,own,little,moderate,1246,24,car,bad,2023-04,,621.344.328-29,150
356,49,male,2,own,,,2331,12,radio/TV,good,2023-01,,240.428.443-67,414
357,26,male,3,own,little,,4463,36,radio/TV,bad,2023-02,,328.815.037-99,989
358,28,male,2,own,little,,776,12,radio/TV,good,2023-03,,166.088.429-29,297
359,23,female,2,rent,little,little,2406,30,furniture/equipment,bad,2023-04,,533.988.466-02,610
360,61,male,2,free,,moderate,1239,18,education,good,2023-01,,863.500.806-53,262
361,37,male,3,own,,rich,3399,12,radio/TV,good,2023-02,2787.0,925.326.671-68,763
362,36,female,2,own,little,rich,2247,12,car,good,2023-03,,922.993.295-79,143
363,21,male,2,rent,little,,1766,6,furniture/equipment,good,2023-04,,367.541.243-18,345
364,25,male,0,own,little,little,2473,18,furniture/equipment,bad,2023-01,,607.028.064-47,623
365,36,male,2,own,little,,1542,12,business,good,2023-02,,140.467.715-18,571
366,27,male,2,own,little,,3850,18,car,good,2023-03,,672.045.059-05,880
367,22,female,2,rent,little,little,3650,18,furniture/equipment,good,2023-04,,374.750.224-55,1
368,42,male,2,own,little,little,3446,36,furniture/equipment,bad,2023-01,,594.863.718-22,896
369,40,female,2,rent,little,moderate,3001,18,furniture/equipment,good,2023-02,,341.607.475-07,303
370,36,male,2,own,,,3079,36,car,good,2023-03,,846.261.724-31,253
371,33,male,2,own,little,,6070,18,radio/TV,good,2023-04,,632.128.563-35,651
372,23,female,2,rent,little,,2146,10,furniture/equipment,good,2023-01,,768.828.067-21,452
373,63,male,3,free,,,13756,60,car,good,2023-02,,216.142.203-01,36
374,60,female,3,free,moderate,moderate,14782,60,vacation/others,bad,2023-03,,520.975.013-20,159
375,37,female,2,rent,little,little,7685,48,business,bad,2023-04,,856.272.358-45,8
376,34,male,2,own,little,,2320,18,radio/TV,good,2023-01,4062.0,661.396.798-00,232
377,36,male,2,free,,,846,7,radio/TV,good,2023-02,,280.790.756-38,98
378,57,male,3,free,little,moderate,14318,36,car,bad,2023-03,,686.710.643-95,658
379,52,female,1,own,moderate,,362,6,car,good,2023-04,,764.854.206-49,815
380,39,male,2,own,,little,2212,20,furniture/equipment,good,2023-01,,958.068.541-08,207
381,38,female,3,free,little,moderate,12976,18,car,bad,2023-02,,761.750.527-22,130
382,25,female,2,rent,,,1283,22,car,good,2023-03,,935.897.340-43,403
383,26,male,2,own,little,rich,1330,12,car,good,2023-04,,547.691.234-77,151
384,26,male,1,own,moderate,,4272,30,business,good,2023-01,,605.772.550-61,53
385,25,female,2,own,little,,2238,18,radio/TV,good,2023-02,,209.541.530-22,119
386,21,female,2,rent,,,1126,18,radio/TV,good,2023-03,,804.931.931-89,672
387,40,male,3,own,little,moderate,7374,18,furniture/equipment,good,2023-04,,433.022.733-98,919
388,27,male,2,own,quite rich,moderate,2326,15,business,good,2023-01,,859.724.486-02,627
389,27,female,2,own,little,,1449,9,business,good,2023-02,,688.748.796-95,586
390,30,male,3,own,little,,1820,18,car,good,2023-03,,182.913.877-45,624
391,19,female,1,rent,rich,moderate,983,12,furniture/equipment,good,2023-04,,147.378.941-92,967
392,39,male,3,free,little,little,3249,36,car,good,2023-01,,813.625.985-26,419
393,31,female,2,own,little,little,1957,6,radio/TV,good,2023-02,,674.682.685-68,421
394,31,male,3,own,little,,2406,9,furniture/equipment,good,2023-03,,824.048.276-77,103
395,32,male,2,rent,moderate,moderate,11760,39,education,good,2023-04,,182.430.197-90,851
396,55,female,3,free,little,little,2578,12,furniture/equipment,good,2023-01,,273.249.253-16,253
397,46,male,2,own,little,little,2348,36,furniture/equipment,good,2023-02,,142.147.406-96,226
398,46,male,2,rent,little,moderate,1223,12,car,bad,2023-03,,452.823.956-65,111
399,43,female,1,own,rich,,1516,24,radio/TV,good,2023-04,,144.194.441-93,509
400,39,male,2,own,little,,1473,18,radio/TV,good,2023-01,,877.280.982-50,472
401,28,male,2,own,,moderate,1887,18,business,good,2023-02,,688.881.721-06,98
402,27,male,2,own,little,,8648,24,business,bad,2023-03,,914.733.175-50,152
403,27,male,1,own,little,,802,14,car,good,2023-04,,251.655.846-58,860
404,43,male,2,own,,moderate,2899,18,car,good,2023-01,2884.0,610.878.596-97,913
405,22,male,2,own,little,moderate,2039,24,radio/TV,bad,2023-02,,415.681.804-70,895
406,43,male,2,own,,,2197,24,car,good,2023-03,,152.058.324-95,877
407,27,male,2,own,little,little,1053,15,radio/TV,good,2023-04,,462.080.217-40,337
408,26,male,3,own,quite rich,,3235,24,radio/TV,good,2023-01,1337.0,655.334.124-92,705
409,28,male,2,own,quite rich,rich,939,12,car,bad,2023-02,,954.081.204-65,821
410,20,female,2,own,little,moderate,1967,24,radio/TV,good,2023-03,,321.350.225-19,162
411,35,male,3,own,little,,7253,33,car,good,2023-04,,377.526.500-72,719
412,42,male,3,own,little,,2292,12,business,bad,2023-01,,283.108.255-28,956
413,40,male,1,rent,quite rich,,1597,10,car,good,2023-02,,621.445.840-28,680
414,35,female,2,own,,little,1381,24,car,bad,2023-03,,571.313.378-89,995
415,35,male,2,own,little,,5842,36,car,good,2023-04,,168.080.112-06,160
416,33,male,1,own,little,little,2579,12,car,bad,2023-01,,305.984.443-78,579
417,23,female,2,rent,,little,8471,18,education,good,2023-02,,727.452.298-18,800
418,31,female,3,own,quite rich,,2782,21,car,good,2023-03,,977.793.982-50,397
419,33,female,2,own,,moderate,1042,18,car,bad,2023-04,,505.260.595-16,276
420,20,female,2,rent,rich,,3186,15,car,good,2023-01,,168.802.303-85,815
421,30,male,2,own,,moderate,2028,12,car,good,2023-02,,521.261.494-55,915
422,47,male,1,own,little,moderate,958,12,car,good,2023-03,,740.971.380-14,503
423,34,male,3,own,moderate,,1591,21,furniture/equipment,good,2023-04,,646.318.845-09,895
424,25,female,2,own,,moderate,2762,12,furniture/equipment,bad,2023-01,,744.454.083-79,391
425,21,male,2,rent,little,moderate,2779,18,car,good,2023-02,,592.462.625-30,134
426,29,male,2,own,little,,2743,28,radio/TV,good,2023-03,,420.730.675-73,194
427,46,male,2,own,rich,,1149,18,radio/TV,good,2023-04,,751.592.273-77,400
428,20,male,2,own,little,,1313,9,furniture/equipment,good,2023-01,,360.644.066-90,639
429,55,female,0,free,little,little,1190,18,repairs,bad,2023-02,,640.686.056-02,32
430,74,male,1,own,little,,3448,5,business,good,2023-03,,589.975.516-47,687
431,29,male,3,own,little,moderate,11328,24,vacation/others,bad,2023-04,,720.520.883-18,459
432,36,male,3,free,little,little,1872,6,furniture/equipment,good,2023-01,,570.579.100-37,954
433,33,male,2,own,little,,2058,24,repairs,good,2023-02,,999.567.013-51,882
434,25,male,2,own,little,little,2136,9,furniture/equipment,good,2023-03,,711.576.361-52,469
435,25,male,2,own,,moderate,1484,12,radio/TV,bad,2023-04,,250.394.900-20,374
436,23,male,1,rent,quite rich,,660,6,repairs,good,2023-01,,985.717.545-78,21
437,37,female,2,own,rich,,1287,24,car,good,2023-02,,710.249.100-08,749
438,65,male,0,own,little,little,3394,42,repairs,good,2023-03,,671.853.424-22,669
439,26,female,0,own,little,rich,609,12,business,bad,2023-04,,981.905.768-01,37
440,39,male,3,own,little,,1884,12,car,good,2023-01,,538.728.895-83,229
441,30,female,2,own,little,little,1620,12,furniture/equipment,good,2023-02,,258.498.832-15,364
442,29,male,2,own,little,moderate,2629,20,vacation/others,good,2023-03,,781.577.591-88,562
443,41,male,1,own,little,,719,12,education,bad,2023-04,,380.920.456-07,437
444,30,female,3,own,little,moderate,5096,48,furniture/equipment,bad,2023-01,,928.203.432-10,775
445,41,female,1,rent,,,1244,9,education,good,2023-02,,908.032.384-52,282
446,34,female,2,own,little,little,1842,36,car,bad,2023-03,,352.902.529-16,26
447,35,male,2,own,little,moderate,2576,7,radio/TV,good,2023-04,,905.749.307-10,225
448,55,female,3,own,,rich,1424,12,furniture/equipment,good,2023-01,,428.207.919-30,276
449,61,male,2,own,rich,moderate,1512,15,repairs,bad,2023-02,,120.060.188-25,797
450,30,male,3,own,,,11054,36,car,good,2023-03,,226.133.344-79,608
451,29,female,2,own,little,,518,6,radio/TV,good,2023-04,,490.290.441-10,283
452,34,male,2,own,little,,2759,12,furniture/equipment,good,2023-01,,874.463.729-23,878
453,35,male,3,own,little,,2670,24,car,good,2023-02,,265.039.929-55,959
454,31,male,2,own,little,little,4817,24,car,bad,2023-03,,113.135.871-68,480
455,29,female,3,own,little,,2679,24,car,good,2023-04,,751.812.795-46,452
456,36,male,2,rent,little,little,3905,11,car,good,2023-01,,233.875.943-56,828
457,35,male,2,free,little,little,3386,12,car,bad,2023-02,,422.690.331-59,815
458,27,female,2,own,little,little,343,6,domestic appliances,good,2023-03,,689.275.850-97,658
459,32,male,2,own,little,,4594,18,radio/TV,good,2023-04,,784.419.873-78,515
460,37,male,2,own,little,little,3620,36,furniture/equipment,good,2023-01,,685.614.087-82,546
461,36,male,2,own,little,little,1721,15,car,good,2023-02,,723.275.962-20,191
462,34,female,3,rent,little,moderate,3017,12,furniture/equipment,good,2023-03,,959.527.893-90,48
463,38,male,2,own,,moderate,754,12,education,good,2023-04,,686.991.815-58,511
464,34,male,2,own,little,,1950,18,business,good,2023-01,,589.341.006-80,16
465,63,male,2,own,little,little,2924,24,car,good,2023-02,,698.679.440-11,171
466,29,female,1,rent,little,little,1659,24,radio/TV,bad,2023-03,,386.268.347-80,219
467,32,male,2,own,,,7238,48,radio/TV,good,2023-04,,961.654.870-09,157
468,26,female,2,own,little,,2764,33,business,good,2023-01,,179.061.847-93,476
469,35,male,1,own,little,,4679,24,car,good,2023-02,,668.908.972-00,45
470,22,male,2,rent,moderate,moderate,3092,24,radio/TV,bad,2023-03,,744.970.962-70,372
471,23,female,2,own,little,little,448,6,education,bad,2023-04,,553.950.020-22,517
472,28,male,1,own,little,little,654,9,car,bad,2023-01,,152.492.736-88,98
473,36,male,3,own,,,1238,6,education,good,2023-02,,930.101.590-05,891
474,33,male,2,own,little,moderate,1245,18,radio/TV,bad,2023-03,,874.072.420-46,744
475,26,female,2,rent,little,little,3114,18,furniture/equipment,bad,2023-04,,305.431.815-02,36
476,24,male,2,own,quite rich,,2569,39,car,good,2023-01,,278.983.756-29,279
477,25,male,2,own,little,rich,5152,24,radio/TV,good,2023-02,,263.302.599-41,348
478,39,male,1,own,moderate,moderate,1037,12,business,good,2023-03,,464.178.936-34,496
479,44,male,2,own,little,little,1478,15,furniture/equipment,good,2023-04,,783.052.416-53,301
480,23,female,1,own,little,moderate,3573,12,radio/TV,good,2023-01,,409.599.852-04,180
481,26,male,2,own,little,moderate,1201,24,car,good,2023-02,,323.899.058-62,606
482,57,female,2,rent,rich,little,3622,30,furniture/equipment,good,2023-03,,406.045.335-86,98
483,30,female,2,own,rich,,960,15,furniture/equipment,good,2023-04,,552.550.114-79,699
484,44,male,2,own,quite rich,,1163,12,car,good,2023-01,,152.005.527-70,992
485,47,male,3,own,little,moderate,1209,6,car,bad,2023-02,,252.775.696-42,115
486,52,male,2,own,little,,3077,12,radio/TV,good,2023-03,,986.916.740-32,190
487,62,female,2,free,little,,3757,24,car,good,2023-04,,136.847.763-19,252
488,35,male,1,rent,moderate,,1418,10,car,good,2023-01,,690.967.015-93,980
489,26,male,2,rent,little,,3518,6,car,good,2023-02,,543.461.433-00,927
490,26,male,2,own,little,,1934,12,radio/TV,good,2023-03,,299.868.781-44,982
491,42,female,3,free,little,moderate,8318,27,business,bad,2023-04,,528.222.090-30,160
492,27,female,2,own,moderate,,1237,6,radio/TV,good,2023-01,,205.886.094-20,255
493,38,male,2,own,,moderate,368,6,radio/TV,good,2023-02,,925.988.306-79,322
494,39,male,1,rent,little,little,2122,12,car,good,2023-03,4394.0,793.081.478-53,127
495,20,male,2,own,,little,2996,24,furniture/equipment,bad,2023-04,,245.353.202-25,17
496,29,male,3,rent,moderate,moderate,9034,36,furniture/equipment,bad,2023-01,,895.408.923-25,792
497,40,male,2,own,little,,1585,24,furniture/equipment,good,2023-02,,550.290.226-94,734
498,32,male,1,own,little,moderate,1301,18,radio/TV,good,2023-03,,847.793.898-95,565
499,28,male,2,own,moderate,rich,1323,6,car,good,2023-04,,796.347.065-17,569
500,27,female,2,own,little,little,3123,24,car,bad,2023-01,,522.606.084-00,322
501,42,male,2,free,little,little,5493,36,car,good,2023-02,,313.099.268-59,871
502,49,male,2,own,moderate,rich,1126,9,radio/TV,good,2023-03,2895.0,788.494.941-57,685
503,38,male,2,own,moderate,moderate,1216,24,radio/TV,bad,2023-04,,445.892.853-80,791
504,24,female,2,rent,little,little,1207,24,car,bad,2023-01,,161.730.143-43,625
505,27,male,1,own,,,1309,10,car,bad,2023-02,,395.119.367-00,287
506,36,male,2,own,quite rich,rich,2360,15,car,good,2023-03,,164.623.935-05,942
507,34,male,3,own,moderate,moderate,6850,15,car,bad,2023-04,,848.599.433-76,853
508,28,male,2,own,little,,1413,24,radio/TV,good,2023-01,,189.957.925-74,662
509,45,male,3,own,moderate,,8588,39,car,good,2023-02,,454.840.174-16,961
510,26,male,2,own,little,little,759,12,car,bad,2023-03,,452.924.639-65,638
511,32,male,3,free,little,,4686,36,car,good,2023-04,,162.953.839-63,154
512,26,male,2,rent,little,rich,2687,15,business,good,2023-01,,739.524.176-29,489
513,20,male,2,rent,little,moderate,585,12,radio/TV,good,2023-02,,295.183.838-71,385
514,54,male,2,own,,,2255,24,car,good,2023-03,,239.521.671-26,985
515,37,female,2,own,little,little,609,6,car,good,2023-04,,182.562.815-70,784
516,40,male,1,own,little,little,1361,6,car,good,2023-01,,635.425.944-58,103
517,23,female,2,rent,little,,7127,36,furniture/equipment,bad,2023-02,,666.676.417-05,928
518,43,male,2,own,moderate,little,1203,6,car,good,2023-03,,818.764.494-03,392
519,36,male,2,free,,,700,6,radio/TV,good,2023-04,,983.420.081-18,810
520,44,male,2,free,little,,5507,24,repairs,good,2023-01,,144.786.626-65,245
521,24,female,2,own,little,little,3190,18,radio/TV,bad,2023-02,,621.350.704-32,175
522,53,male,2,free,little,little,7119,48,furniture/equipment,bad,2023-03,,123.250.723-71,38
523,23,female,2,own,moderate,,3488,24,car,good,2023-04,,593.976.957-89,476
524,26,female,1,own,little,moderate,1113,18,radio/TV,good,2023-01,,146.013.251-37,681
525,30,male,2,own,little,moderate,7966,26,car,good,2023-02,,205.801.293-30,758
526,31,female,2,own,moderate,,1532,15,education,good,2023-03,,397.444.968-00,537
527,42,male,1,own,little,,1503,4,radio/TV,good,2023-04,,718.064.040-95,866
528,31,male,2,rent,little,little,2302,36,radio/TV,bad,2023-01,,230.146.681-76,817
529,41,male,1,own,little,little,662,6,car,good,2023-02,,280.179.133-46,920
530,32,male,2,own,little,moderate,2273,36,education,good,2023-03,,726.268.926-61,407
531,28,female,2,rent,moderate,moderate,2631,15,car,bad,2023-04,,410.163.209-06,524
532,41,male,2,rent,little,,1503,12,car,good,2023-01,,309.225.876-20,827
533,26,male,2,own,moderate,,1311,24,radio/TV,good,2023-02,,637.874.083-63,505
534,25,male,2,own,,,3105,24,radio/TV,good,2023-03,,283.919.243-86,902
535,33,male,2,rent,little,rich,2319,21,education,bad,2023-04,1684.0,589.440.001-58,824
536,75,female,3,own,,little,1374,6,car,good,2023-01,,537.578.101-80,35
537,37,female,2,own,little,moderate,3612,18,furniture/equipment,good,2023-02,,454.002.612-72,684
538,42,male,3,free,little,little,7763,48,car,bad,2023-03,,831.420.831-03,19
539,45,female,1,own,little,rich,3049,18,furniture/equipment,good,2023-04,,189.198.479-91,320
540,23,male,2,rent,little,moderate,1534,12,radio/TV,bad,2023-01,,365.299.231-87,775
541,60,male,2,free,little,,2032,24,car,good,2023-02,,600.362.527-94,511
542,31,male,2,own,,little,6350,30,furniture/equipment,bad,2023-03,,772.070.523-83,399
543,34,male,1,own,little,rich,2864,18,furniture/equipment,bad,2023-04,,772.756.961-50,653
544,61,male,1,own,little,,1255,12,car,good,2023-01,,650.167.050-03,971
545,43,male,2,free,little,little,1333,24,car,bad,2023-02,,287.843.081-68,882
546,37,female,2,own,little,,2022,24,car,good,2023-03,,479.106.062-81,470
547,32,male,2,own,little,,1552,24,radio/TV,good,2023-04,,575.916.560-74,142
548,24,female,1,own,little,little,626,12,radio/TV,bad,2023-01,,864.863.399-00,91
549,35,male,2,free,,,8858,48,car,good,2023-02,,523.189.905-49,353
550,23,female,2,own,,,996,12,repairs,good,2023-03,,508.072.136-75,833
551,45,male,1,own,quite rich,,1750,6,radio/TV,good,2023-04,,624.703.384-25,799
552,34,male,2,own,little,little,6999,48,radio/TV,bad,2023-01,,641.135.335-20,726
553,27,male,2,own,moderate,moderate,1995,12,car,good,2023-02,,882.014.266-06,958
554,67,female,3,own,little,moderate,1199,9,education,good,2023-03,,315.143.245-04,853
555,22,male,2,own,little,moderate,1331,12,radio/TV,bad,2023-04,,913.488.251-03,50
556,28,female,2,own,moderate,moderate,2278,18,car,bad,2023-01,,695.509.241-30,664
557,29,female,2,own,,,5003,21,car,bad,2023-02,,585.071.832-04,697
558,27,male,2,own,little,little,3552,24,furniture/equipment,bad,2023-03,,803.016.561-77,574
559,31,male,1,own,little,moderate,1928,18,furniture/equipment,bad,2023-04,,929.254.421-70,189
560,49,male,2,free,,little,2964,24,car,good,2023-01,,202.182.899-95,124
561,24,male,1,rent,little,little,1546,24,radio/TV,bad,2023-02,,865.867.987-01,149
562,29,female,2,own,little,rich,683,6,radio/TV,good,2023-03,,621.844.436-89,313
563,37,male,2,free,,moderate,12389,36,car,bad,2023-04,,855.838.123-20,569
564,37,male,3,own,,moderate,4712,24,business,good,2023-01,,948.129.311-42,341
565,23,female,2,rent,moderate,moderate,1553,24,radio/TV,good,2023-02,,688.087.981-00,304
566,36,male,2,own,little,little,1372,12,car,bad,2023-03,,154.610.032-65,691
567,34,male,2,own,rich,,2578,24,radio/TV,good,2023-04,,726.252.663-41,681
568,41,male,2,own,,moderate,3979,48,radio/TV,good,2023-01,,254.218.466-60,837
569,31,female,2,own,little,little,6758,48,radio/TV,bad,2023-02,4050.0,836.393.337-64,782
570,23,female,1,rent,little,little,3234,24,furniture/equipment,bad,2023-03,,383.239.967-41,53
571,38,male,2,own,little,,5954,30,radio/TV,good,2023-04,,387.429.853-15,443
572,26,female,3,rent,,,5433,24,car,good,2023-01,,578.330.486-74,612
573,22,female,1,own,little,little,806,15,business,good,2023-02,3311.0,655.204.646-42,992
574,27,male,1,own,little,moderate,1082,9,radio/TV,good,2023-03,,514.525.936-04,263
575,24,female,2,own,little,,2788,15,furniture/equipment,good,2023-04,,136.213.515-15,52
576,27,female,2,own,little,moderate,2930,12,radio/TV,good,2023-01,,825.533.928-00,571
577,33,female,2,own,,,1927,24,education,good,2023-02,,289.049.774-79,619
578,27,male,2,own,little,moderate,2820,36,car,bad,2023-03,,109.625.105-13,4
579,27,male,1,own,little,,937,24,education,good,2023-04,,684.419.476-51,102
580,30,male,2,own,little,moderate,1056,18,car,bad,2023-01,,121.654.924-91,195
581,49,male,1,own,little,moderate,3124,12,car,good,2023-02,,495.130.759-66,773
582,26,female,2,rent,little,,1388,9,furniture/equipment,good,2023-03,,348.305.901-65,876
583,33,male,1,rent,little,moderate,2384,36,repairs,bad,2023-04,,213.590.918-15,991
584,52,female,3,free,,,2133,12,car,good,2023-01,,875.647.894-17,883
585,20,female,2,rent,little,little,2039,18,furniture/equipment,bad,2023-02,,770.709.995-85,349
586,36,male,2,rent,little,little,2799,9,car,good,2023-03,,331.319.263-76,46
587,21,male,1,own,little,little,1289,12,furniture/equipment,good,2023-04,,862.050.762-17,866
588,47,male,1,own,little,little,1217,18,domestic appliances,bad,2023-01,,400.904.703-89,822
589,60,male,2,own,little,little,2246,12,furniture/equipment,bad,2023-02,,293.389.141-78,935
590,58,female,1,own,little,little,385,12,radio/TV,good,2023-03,,113.689.493-47,819
591,42,female,2,rent,,moderate,1965,24,car,good,2023-04,,183.027.288-88,655
592,36,female,1,own,rich,,1572,21,business,good,2023-01,,904.825.621-61,268
593,20,female,1,rent,little,moderate,2718,24,car,bad,2023-02,,269.892.699-60,369
594,40,male,3,own,,little,1358,24,vacation/others,bad,2023-03,,285.429.788-11,635
595,32,female,1,own,moderate,moderate,931,6,car,bad,2023-04,2129.0,807.874.257-61,105
596,23,female,2,rent,little,little,1442,24,car,bad,2023-01,,563.614.721-08,669
597,36,male,1,own,little,moderate,4241,24,business,bad,2023-02,,665.770.780-09,658
598,31,male,2,own,little,,2775,18,car,bad,2023-03,,895.848.916-26,656
599,32,male,2,free,little,,3863,24,business,good,2023-04,,494.582.451-76,119
600,45,female,2,own,little,moderate,2329,7,radio/TV,good,2023-01,,391.135.770-26,830
601,30,female,2,own,little,moderate,918,9,furniture/equipment,bad,2023-02,,125.137.138-85,786
602,34,female,1,free,little,moderate,1837,24,education,bad,2023-03,,747.148.950-28,603
603,28,female,3,own,little,,3349,36,furniture/equipment,bad,2023-04,,489.566.551-89,57
604,23,female,2,own,little,rich,1275,10,furniture/equipment,good,2023-01,,496.784.683-10,950
605,22,male,2,own,quite rich,little,2828,24,furniture/equipment,good,2023-02,,801.868.309-39,345
606,74,male,3,own,little,,4526,24,business,good,2023-03,,281.407.402-41,740
607,50,female,2,free,moderate,moderate,2671,36,radio/TV,bad,2023-04,,135.154.340-70,473
608,33,male,2,own,little,,2051,18,radio/TV,good,2023-01,,488.040.380-63,116
609,45,male,2,free,,,1300,15,car,good,2023-02,,135.908.279-47,829
610,22,female,2,own,moderate,little,741,12,domestic appliances,bad,2023-03,,580.780.802-98,790
611,48,female,1,free,moderate,rich,1240,10,car,bad,2023-04,,304.219.070-61,126
612,29,female,2,own,rich,little,3357,21,radio/TV,good,2023-01,,554.968.949-99,392
613,22,female,2,rent,little,little,3632,24,car,good,2023-02,,379.267.346-08,907
614,22,female,2,own,little,,1808,18,furniture/equipment,bad,2023-03,,750.985.494-69,640
615,48,male,3,own,,moderate,12204,48,business,good,2023-04,,911.256.220-32,57
616,27,male,3,free,,moderate,9157,60,radio/TV,good,2023-01,,502.682.909-03,633
617,37,male,2,rent,little,little,3676,6,car,good,2023-02,,629.667.878-99,512
618,21,female,2,rent,moderate,moderate,3441,30,furniture/equipment,bad,2023-03,,431.454.571-28,750
619,49,male,1,own,little,,640,12,car,good,2023-04,,685.366.894-47,801
620,27,male,2,own,little,moderate,3652,21,business,good,2023-01,,646.055.448-01,95
621,32,male,2,own,little,,1530,18,car,bad,2023-02,,147.766.655-90,637
622,38,male,2,own,,,3914,48,business,bad,2023-03,4709.0,889.417.188-48,117
623,22,female,2,rent,little,little,1858,12,furniture/equipment,good,2023-04,,787.502.446-39,559
624,65,male,2,free,little,little,2600,18,radio/TV,bad,2023-01,,790.837.639-86,600
625,35,male,2,own,,,1979,15,radio/TV,good,2023-02,,349.289.913-70,487
626,41,male,2,own,little,rich,2116,6,furniture/equipment,good,2023-03,,140.078.991-50,236
627,29,male,2,own,moderate,moderate,1437,9,car,bad,2023-04,,365.223.751-09,884
628,36,male,2,own,quite rich,,4042,42,furniture/equipment,good,2023-01,,664.576.770-61,896
629,64,male,1,own,,,3832,9,education,good,2023-02,,219.838.595-32,271
630,28,female,2,own,little,little,3660,24,radio/TV,good,2023-03,,525.966.695-01,188
631,44,male,2,own,little,little,1553,18,furniture/equipment,bad,2023-04,,933.025.506-00,998
632,23,male,2,own,,moderate,1444,15,radio/TV,good,2023-01,,750.663.135-08,703
633,19,female,2,rent,little,,1980,9,furniture/equipment,bad,2023-02,,657.557.567-67,446
634,25,female,1,own,little,moderate,1355,24,car,bad,2023-03,,315.053.161-62,580
635,47,male,2,own,little,,1393,12,education,good,2023-04,,776.716.385-79,789
636,28,female,2,own,quite rich,,1376,24,radio/TV,good,2023-01,,976.326.378-69,860
637,21,male,2,own,little,,15653,60,radio/TV,good,2023-02,,361.687.768-77,246
638,34,female,2,own,little,,1493,12,radio/TV,good,2023-03,,336.588.041-06,962
639,26,male,2,own,little,little,4370,42,radio/TV,bad,2023-04,,379.681.325-92,75
640,27,female,0,own,little,little,750,18,education,bad,2023-01,,598.153.702-78,153
641,38,male,1,own,little,moderate,1308,15,repairs,good,2023-02,,593.827.802-38,655
642,40,male,3,own,moderate,,4623,15,education,bad,2023-03,,907.560.090-90,434
643,33,male,2,own,little,,1851,24,radio/TV,good,2023-04,,906.956.097-69,996
644,32,male,3,own,little,little,1880,18,radio/TV,good,2023-01,,552.623.272-73,85
645,27,male,2,rent,,,7980,36,business,bad,2023-02,,637.987.183-77,696
646,32,male,2,own,little,little,4583,30,furniture/equipment,good,2023-03,,245.134.604-31,284
647,26,female,2,own,quite rich,,1386,12,car,bad,2023-04,,266.196.616-10,973
648,38,male,2,free,little,rich,947,24,car,bad,2023-01,,332.901.107-61,219
649,40,male,1,rent,little,little,684,12,education,bad,2023-02,,203.762.851-09,68
650,50,male,3,free,little,little,7476,48,education,good,2023-03,,122.461.013-01,46
651,37,male,1,own,little,moderate,1922,12,furniture/equipment,bad,2023-04,,521.112.041-88,93
652,45,male,2,own,little,little,2303,24,car,bad,2023-01,,147.204.953-54,749
653,42,male,3,own,moderate,moderate,8086,36,car,bad,2023-02,,486.392.377-51,957
654,35,male,2,own,little,,2346,24,car,good,2023-03,,251.661.109-94,452
655,22,male,2,free,little,little,3973,14,car,good,2023-04,,455.109.899-04,203
656,41,male,1,own,little,moderate,888,12,car,bad,2023-01,,147.380.429-98,911
657,37,male,2,own,,,10222,48,radio/TV,good,2023-02,,969.647.373-75,217
658,28,female,2,own,little,moderate,4221,30,business,good,2023-03,,993.668.769-86,473
659,41,male,2,own,little,moderate,6361,18,furniture/equipment,good,2023-04,,137.264.820-83,431
660,23,male,2,rent,little,rich,1297,12,radio/TV,good,2023-01,,606.551.672-42,340
661,23,male,2,own,,little,900,12,car,bad,2023-02,,866.131.219-16,550
662,50,male,2,own,little,,2241,21,furniture/equipment,good,2023-03,,430.418.762-72,611
663,35,male,3,own,little,moderate,1050,6,furniture/equipment,good,2023-04,,126.906.511-49,288
664,50,female,1,own,little,rich,1047,6,education,good,2023-01,,739.469.298-18,253
665,27,male,3,own,little,,6314,24,vacation/others,good,2023-02,,495.009.758-07,733
666,34,male,2,own,rich,moderate,3496,30,furniture/equipment,good,2023-03,,338.818.294-90,356
667,27,female,2,own,little,,3609,48,business,good,2023-04,,643.960.887-87,22
668,43,male,2,rent,little,little,4843,12,car,bad,2023-01,,108.805.586-95,761
669,47,male,2,own,little,rich,3017,30,radio/TV,good,2023-02,,635.642.809-01,521
670,27,male,1,own,moderate,,4139,24,business,good,2023-03,,608.135.555-15,757
671,31,male,2,own,moderate,,5742,36,business,good,2023-04,,681.434.990-65,836
672,42,male,3,own,little,,10366,60,car,good,2023-01,,953.026.172-18,99
673,24,male,2,own,quite rich,,2080,6,car,good,2023-02,,715.748.739-03,801
674,41,male,1,own,quite rich,,2580,21,business,bad,2023-03,,230.566.025-13,179
675,26,female,3,rent,little,,4530,30,radio/TV,good,2023-04,,684.956.439-01,222
676,33,male,2,own,little,,5150,24,furniture/equipment,good,2023-01,,499.622.370-76,905
677,24,male,2,own,moderate,moderate,5595,72,radio/TV,bad,2023-02,,691.944.857-20,761
678,64,male,1,rent,little,little,2384,24,radio/TV,good,2023-03,,707.848.228-08,658
679,26,female,2,own,little,,1453,18,radio/TV,good,2023-04,,800.260.069-01,441
680,56,female,2,own,little,,1538,6,education,good,2023-01,,798.455.508-78,607
681,37,male,2,free,,,2279,12,radio/TV,good,2023-02,,108.074.037-68,768
682,33,male,2,own,little,,1478,15,radio/TV,good,2023-03,2015.0,940.173.543-35,324
683,47,male,2,free,little,,5103,24,radio/TV,good,2023-04,,866.104.422-74,515
684,31,male,1,own,moderate,moderate,9857,36,business,good,2023-01,,113.822.356-58,15
685,34,male,2,free,,,6527,60,car,good,2023-02,,224.860.617-62,791
686,27,male,2,own,,rich,1347,10,radio/TV,good,2023-03,,613.632.293-54,335
687,30,male,2,free,moderate,moderate,2862,36,car,good,2023-04,,816.766.125-30,758
688,35,male,2,own,moderate,,2753,9,radio/TV,good,2023-01,,553.089.027-04,257
689,31,male,2,own,rich,little,3651,12,car,good,2023-02,,878.760.379-92,496
690,25,male,2,own,little,little,975,15,furniture/equipment,good,2023-03,,289.826.104-13,987
691,25,female,1,own,moderate,moderate,2631,15,repairs,good,2023-04,,691.303.596-94,895
692,29,male,2,own,moderate,moderate,2896,24,radio/TV,good,2023-01,,499.391.763-50,159
693,44,male,1,own,,little,4716,6,car,good,2023-02,,754.240.016-96,474
694,28,male,2,own,little,,2284,24,radio/TV,good,2023-03,,478.825.846-30,851
695,50,male,2,rent,quite rich,,1236,6,car,good,2023-04,,633.703.238-18,663
696,29,male,2,own,little,moderate,1103,12,radio/TV,good,2023-01,,143.420.892-38,907
697,38,female,0,own,little,,926,12,car,good,2023-02,,711.283.469-40,689
698,24,male,2,own,little,,1800,18,radio/TV,good,2023-03,,378.544.087-18,674
699,40,male,3,rent,little,rich,1905,15,education,good,2023-04,,547.266.532-96,379
700,29,female,1,rent,quite rich,,1123,12,furniture/equipment,bad,2023-01,,443.527.759-08,544
701,46,male,2,free,little,little,6331,48,car,bad,2023-02,,364.074.294-04,928
702,47,female,2,free,moderate,rich,1377,24,radio/TV,good,2023-03,,971.635.443-67,956
703,41,male,2,own,moderate,moderate,2503,30,business,good,2023-04,,360.533.123-80,690
704,32,female,2,own,little,moderate,2528,27,business,good,2023-01,,326.791.287-37,426
705,35,female,2,free,quite rich,,5324,15,car,good,2023-02,,544.476.157-20,612
706,24,male,2,own,moderate,moderate,6560,48,car,bad,2023-03,,857.924.001-80,267
707,25,female,2,rent,little,moderate,2969,12,furniture/equipment,bad,2023-04,,526.786.461-73,834
708,25,female,2,own,little,moderate,1206,9,radio/TV,good,2023-01,,336.175.953-67,576
709,37,male,1,own,little,moderate,2118,9,radio/TV,good,2023-02,,538.712.210-31,416
710,32,male,3,own,quite rich,,629,18,radio/TV,good,2023-03,,185.129.374-40,167
711,35,female,2,free,little,little,1198,6,education,bad,2023-04,,198.495.675-20,841
712,46,male,3,own,,,2476,21,car,good,2023-01,,422.334.779-95,42
713,25,male,1,own,little,little,1138,9,radio/TV,good,2023-02,,409.701.522-21,555
714,27,male,3,own,little,moderate,14027,60,car,bad,2023-03,,686.222.910-90,284
715,63,male,2,own,,,7596,30,car,good,2023-04,,430.962.797-80,396
716,40,male,2,own,,,3077,30,radio/TV,good,2023-01,,739.949.010-49,11
717,32,male,3,free,little,,1505,18,radio/TV,good,2023-02,,351.474.325-82,606
718,31,male,2,own,,rich,3148,24,radio/TV,good,2023-03,,939.303.831-79,301
719,31,male,2,own,moderate,moderate,6148,20,car,good,2023-04,,461.800.812-12,897
720,34,male,3,own,little,rich,1337,9,radio/TV,bad,2023-01,,249.881.373-09,252
721,24,female,2,rent,rich,moderate,433,6,education,bad,2023-02,,991.982.821-15,498
722,24,female,1,own,little,little,1228,12,car,bad,2023-03,,265.850.014-94,753
723,66,female,1,own,quite rich,moderate,790,9,radio/TV,good,2023-04,,422.683.747-93,34
724,21,female,2,rent,little,,2570,27,car,bad,2023-01,,174.170.047-76,726
725,41,female,1,own,rich,,250,6,car,good,2023-02,,187.173.138-05,848
726,47,male,1,own,quite rich,,1316,15,radio/TV,good,2023-03,,916.898.479-05,89
727,25,female,2,rent,little,little,1882,18,radio/TV,bad,2023-04,,630.267.820-09,775
728,59,female,2,rent,little,moderate,6416,48,business,bad,2023-01,,733.303.779-76,604
729,36,male,2,own,rich,rich,1275,24,business,good,2023-02,,625.604.189-59,921
730,33,male,2,own,little,moderate,6403,24,radio/TV,good,2023-03,,435.835.318-50,969
731,21,male,1,rent,little,little,1987,24,radio/TV,bad,2023-04,,890.357.174-65,601
732,44,female,1,own,little,moderate,760,8,radio/TV,good,2023-01,,480.535.953-67,417
733,28,female,2,rent,rich,,2603,24,car,good,2023-02,,621.503.550-51,114
734,37,female,2,own,little,,3380,4,car,good,2023-03,,368.616.816-28,616
735,29,female,0,own,,moderate,3990,36,domestic appliances,good,2023-04,,521.874.426-32,902
736,23,female,3,rent,little,moderate,11560,24,car,bad,2023-01,,320.619.227-75,195
737,35,male,1,own,moderate,little,4380,18,car,good,2023-02,,171.247.150-32,825
738,45,male,3,own,little,,6761,6,car,good,2023-03,,886.465.787-80,500
739,26,female,1,rent,moderate,moderate,4280,30,business,bad,2023-04,,312.358.261-20,625
740,32,male,2,own,moderate,little,2325,24,car,good,2023-01,,712.312.876-16,492
741,23,male,1,own,little,moderate,1048,10,radio/TV,good,2023-02,,845.091.232-64,74
742,41,male,2,own,,,3160,21,radio/TV,good,2023-03,,835.504.784-29,412
743,22,male,2,own,quite rich,little,2483,24,furniture/equipment,good,2023-04,,690.786.757-56,375
744,30,male,3,own,,little,14179,39,furniture/equipment,good,2023-01,,684.877.315-89,419
745,28,male,1,own,little,little,1797,13,business,good,2023-02,,253.122.543-98,728
746,23,female,2,rent,little,little,2511,15,car,good,2023-03,,865.588.526-67,276
747,37,female,1,own,little,little,1274,12,car,bad,2023-04,,608.250.074-10,760
748,26,male,2,own,,,5248,21,car,good,2023-01,,898.482.830-05,675
749,33,male,2,own,little,,3029,15,car,good,2023-02,1675.0,786.786.245-58,393
750,49,female,2,own,little,little,428,6,furniture/equipment,good,2023-03,,485.697.869-13,868
751,23,female,1,own,little,little,976,18,car,bad,2023-04,,674.808.138-64,456
752,23,female,1,rent,moderate,moderate,841,12,business,good,2023-01,,408.689.032-13,919
753,25,female,2,own,little,,5771,30,radio/TV,good,2023-02,,960.336.729-09,191
754,55,male,2,free,rich,,1555,12,repairs,bad,2023-03,3239.0,476.966.543-14,738
755,32,female,2,rent,,little,1285,24,car,bad,2023-04,,971.605.060-73,688
756,74,male,0,own,little,rich,1299,6,car,good,2023-01,,892.319.480-83,98
757,39,male,2,free,,rich,1271,15,radio/TV,bad,2023-02,,381.534.963-01,547
758,31,male,2,own,little,,1393,24,car,good,2023-03,,582.047.548-84,977
759,35,male,2,own,little,little,691,12,car,bad,2023-04,,462.973.233-05,998
760,59,female,2,own,,,5045,15,car,good,2023-01,,809.932.802-77,95
761,24,female,2,rent,little,little,2124,18,furniture/equipment,bad,2023-02,,212.513.996-06,663
762,24,male,1,own,little,little,2214,12,radio/TV,good,2023-03,,960.075.626-03,662
763,30,male,3,free,,,12680,21,car,bad,2023-04,,203.902.832-31,189
764,27,male,2,own,moderate,,2463,24,car,good,2023-01,,468.551.773-36,735
765,40,male,1,own,little,moderate,1155,12,radio/TV,good,2023-02,,450.886.141-52,36
766,31,male,1,own,little,little,3108,30,furniture/equipment,bad,2023-03,,471.424.885-57,779
767,31,female,2,rent,,,2901,10,car,good,2023-04,,199.088.364-80,368
768,28,male,2,rent,little,moderate,3617,12,furniture/equipment,good,2023-01,,948.988.869-90,694
769,63,male,1,own,little,,1655,12,radio/TV,good,2023-02,,177.647.696-49,524
770,26,female,2,rent,,little,2812,24,car,good,2023-03,,871.448.826-43,278
771,25,female,3,own,little,little,8065,36,education,bad,2023-04,,309.274.732-16,216
772,36,male,3,own,little,,3275,21,car,good,2023-01,,239.938.354-09,866
773,52,male,2,own,moderate,,2223,24,radio/TV,good,2023-02,,918.961.140-32,872
774,66,male,0,free,quite rich,rich,1480,12,car,good,2023-03,,341.102.738-03,797
775,25,female,2,rent,,little,1371,24,car,bad,2023-04,,139.929.257-90,272
776,37,male,2,own,little,,3535,36,car,good,2023-01,,541.213.474-20,880
777,25,female,2,own,little,little,3509,18,radio/TV,good,2023-02,,871.620.141-86,61
778,38,male,3,own,rich,,5711,36,car,good,2023-03,3109.0,627.122.418-00,595
779,67,female,2,own,little,moderate,3872,18,repairs,good,2023-04,,645.092.164-16,879
780,25,male,2,own,little,moderate,4933,39,radio/TV,bad,2023-01,,494.851.676-79,728
781,60,male,2,own,rich,,1940,24,car,good,2023-02,,899.299.492-32,341
782,31,male,1,own,little,moderate,1410,12,education,good,2023-03,,326.101.296-02,396
783,23,female,1,own,moderate,moderate,836,12,car,bad,2023-04,,895.343.764-42,698
784,60,male,3,own,,moderate,6468,20,car,good,2023-01,,994.155.849-39,18
785,35,male,1,own,rich,moderate,1941,18,business,good,2023-02,,904.676.287-42,176
786,40,male,2,own,quite rich,,2675,22,radio/TV,good,2023-03,,984.844.899-30,611
787,38,male,2,own,,,2751,48,car,good,2023-04,,673.292.101-02,395
788,50,male,2,free,little,moderate,6224,48,education,bad,2023-01,,663.373.657-63,444
789,27,male,2,own,little,little,5998,40,education,bad,2023-02,,446.180.867-00,232
790,39,female,2,own,little,moderate,1188,21,business,bad,2023-03,,314.069.885-29,914
791,41,male,3,own,,,6313,24,car,good,2023-04,,761.052.710-69,75
792,27,male,2,own,,,1221,6,furniture/equipment,good,2023-01,,784.575.650-44,264
793,51,male,2,free,little,rich,2892,24,furniture/equipment,good,2023-02,,902.517.632-18,454
794,32,male,2,rent,quite rich,,3062,24,furniture/equipment,good,2023-03,,229.764.119-21,795
795,22,female,2,rent,moderate,,2301,9,furniture/equipment,good,2023-04,,130.190.179-20,717
796,51,male,2,free,,little,7511,18,car,bad,2023-01,,166.627.397-07,734
797,22,female,1,rent,little,,1258,12,furniture/equipment,good,2023-02,,346.016.808-08,383
798,54,male,2,own,,,717,24,car,good,2023-03,,782.505.397-45,563
799,35,male,0,own,,moderate,1549,9,car,good,2023-04,,573.413.435-08,850
800,54,male,2,free,little,,1597,24,education,good,2023-01,,664.141.419-17,505
801,48,female,1,rent,little,moderate,1795,18,radio/TV,good,2023-02,,681.341.371-64,366
802,24,female,2,own,little,little,4272,20,furniture/equipment,good,2023-03,,739.245.880-90,143
803,35,male,2,own,,,976,12,radio/TV,good,2023-04,,105.905.950-91,884
804,24,female,0,rent,,moderate,7472,12,car,good,2023-01,,841.410.387-17,68
805,24,male,2,own,little,little,9271,36,car,bad,2023-02,,774.117.271-99,98
806,26,male,1,own,little,moderate,590,6,radio/TV,good,2023-03,,987.403.043-70,395
807,65,male,2,own,,,930,12,radio/TV,good,2023-04,,157.563.860-68,24
808,55,male,3,free,little,moderate,9283,42,car,good,2023-01,,396.172.445-86,947
809,26,female,0,rent,little,moderate,1778,15,car,bad,2023-02,,240.641.687-98,890
810,26,male,2,own,little,moderate,907,8,business,good,2023-03,,345.048.171-10,468
811,28,male,1,own,little,moderate,484,6,radio/TV,good,2023-04,,291.533.673-32,483
812,24,male,2,own,little,little,9629,36,car,bad,2023-01,,238.242.461-39,564
813,54,male,2,own,little,little,3051,48,domestic appliances,bad,2023-02,,255.854.165-02,150
814,46,male,2,free,little,little,3931,48,car,bad,2023-03,,150.275.547-53,143
815,54,female,2,rent,little,moderate,7432,36,car,good,2023-04,,210.465.926-45,568
816,62,male,2,own,quite rich,,1338,6,domestic appliances,good,2023-01,,210.004.150-90,38
817,24,female,2,rent,little,,1554,6,radio/TV,good,2023-02,,771.108.315-74,108
818,43,male,3,own,little,little,15857,36,vacation/others,good,2023-03,,259.457.549-60,692
819,26,male,2,own,little,little,1345,18,radio/TV,bad,2023-04,,194.273.359-39,41
820,27,male,2,own,little,,1101,12,car,good,2023-01,,620.580.495-60,185
821,24,male,2,own,little,rich,3016,12,radio/TV,good,2023-02,,140.365.237-67,934
822,41,male,2,own,little,little,2712,36,furniture/equipment,bad,2023-03,,868.313.310-92,397
823,47,male,1,own,little,little,731,8,car,good,2023-04,,957.876.073-68,222
824,35,male,3,own,little,,3780,18,furniture/equipment,good,2023-01,,507.117.528-26,633
825,30,male,2,own,little,little,1602,21,car,good,2023-02,,214.720.972-46,132
826,33,female,2,rent,little,little,3966,18,car,bad,2023-03,,177.906.501-90,162
827,36,male,2,own,little,,4165,18,business,bad,2023-04,,380.745.515-98,214
828,47,male,2,free,,little,8335,36,car,bad,2023-01,,771.654.728-35,732
829,38,male,2,free,,moderate,6681,48,business,good,2023-02,,542.766.563-38,234
830,44,male,2,own,quite rich,,2375,24,business,good,2023-03,,244.369.335-04,842
831,23,female,2,rent,little,little,1216,18,car,bad,2023-04,,299.718.506-80,657
832,29,male,2,rent,little,little,11816,45,business,bad,2023-01,,369.093.459-16,750
833,42,female,2,own,,moderate,5084,24,radio/TV,good,2023-02,,614.105.169-38,587
834,25,female,1,own,little,rich,2327,15,radio/TV,bad,2023-03,,771.893.753-41,8
835,48,male,2,own,little,little,1082,12,car,bad,2023-04,,366.257.258-38,73
836,21,female,2,own,,,886,12,radio/TV,good,2023-01,,698.054.328-82,953
837,23,female,1,rent,little,,601,4,furniture/equipment,good,2023-02,,511.975.188-19,491
838,63,male,2,own,little,little,2957,24,car,good,2023-03,,239.245.763-86,912
839,46,male,2,own,little,,2611,24,radio/TV,good,2023-04,,379.986.865-88,252
840,29,male,2,own,little,little,5179,36,furniture/equipment,bad,2023-01,,791.900.320-20,229
841,28,male,1,own,little,,2993,21,car,good,2023-02,,193.878.234-82,518
842,23,female,2,own,little,,1943,18,repairs,bad,2023-03,,518.086.406-24,173
843,50,male,2,own,little,,1559,24,business,good,2023-04,,471.190.853-60,652
844,47,male,2,own,little,,3422,18,furniture/equipment,good,2023-01,,743.529.342-32,167
845,35,male,2,own,,moderate,3976,21,furniture/equipment,good,2023-02,2191.0,193.730.769-73,169
846,68,male,2,rent,,,6761,18,car,bad,2023-03,,803.471.351-10,392
847,28,male,2,own,little,,1249,24,car,good,2023-04,,307.535.306-00,945
848,59,male,2,own,little,little,1364,9,radio/TV,good,2023-01,,649.705.175-92,794
849,57,male,1,own,little,little,709,12,radio/TV,bad,2023-02,,358.420.366-06,633
850,33,male,2,rent,little,little,2235,20,car,bad,2023-03,,667.518.127-01,193
851,43,male,2,own,,,4042,24,car,good,2023-04,,902.396.358-09,516
852,35,male,2,free,little,,1471,15,radio/TV,good,2023-01,,716.103.828-62,28
853,32,male,1,free,little,little,1442,18,car,bad,2023-02,,324.445.865-30,164
854,45,male,2,own,little,,10875,36,car,good,2023-03,,434.442.137-00,421
855,33,male,2,own,moderate,,1474,24,car,good,2023-04,,824.961.771-19,338
856,40,female,2,own,,,894,10,education,good,2023-01,,261.976.183-20,647
857,28,male,2,free,little,,3343,15,furniture/equipment,good,2023-02,,143.627.391-90,495
858,29,female,2,own,little,little,3959,15,car,bad,2023-03,,634.403.213-80,364
859,26,male,2,rent,moderate,,3577,9,car,good,2023-04,,128.046.417-83,832
860,27,male,2,own,rich,,5804,24,car,good,2023-01,,722.620.228-01,341
861,28,male,2,own,little,,2169,18,business,bad,2023-02,,762.174.850-87,499
862,35,female,2,own,little,little,2439,24,radio/TV,bad,2023-03,,950.822.873-38,656
863,32,male,1,own,rich,,4526,27,furniture/equipment,good,2023-04,,921.157.796-90,510
864,25,male,1,rent,little,,2210,10,furniture/equipment,bad,2023-01,,380.591.319-23,326
865,20,female,2,rent,quite rich,,2221,15,furniture/equipment,good,2023-02,,479.087.152-57,216
866,27,female,2,own,little,little,2389,18,radio/TV,good,2023-03,,352.109.170-88,300
867,42,male,2,own,little,,3331,12,furniture/equipment,good,2023-04,,946.263.124-70,131
868,37,male,2,own,,,7409,36,business,good,2023-01,,566.121.087-62,803
869,24,female,2,rent,little,little,652,12,furniture/equipment,good,2023-02,,527.376.632-02,69
870,40,female,2,own,quite rich,,7678,36,furniture/equipment,good,2023-03,,886.045.372-01,251
871,46,male,2,own,little,rich,1343,6,car,good,2023-04,,590.037.672-97,414
872,26,male,2,own,moderate,little,1382,24,business,good,2023-01,,194.640.288-58,786
873,24,female,2,own,,,874,15,domestic appliances,good,2023-02,,749.600.177-59,444
874,29,male,1,own,little,little,3590,12,furniture/equipment,good,2023-03,,821.511.294-38,875
875,40,female,2,own,rich,moderate,1322,11,car,good,2023-04,,104.151.785-84,181
876,36,male,3,free,little,little,1940,18,radio/TV,good,2023-01,,481.565.944-36,166
877,28,male,2,own,little,,3595,36,radio/TV,good,2023-02,,532.142.662-76,90
878,27,male,3,free,little,little,1422,9,car,bad,2023-03,,889.217.877-63,713
879,36,male,2,own,,,6742,30,radio/TV,good,2023-04,,362.949.878-73,857
880,38,male,3,own,little,,7814,24,car,good,2023-01,,293.726.752-10,530
881,48,male,2,free,,,9277,24,car,good,2023-02,,200.463.184-88,38
882,36,male,2,own,,moderate,2181,30,car,good,2023-03,,592.928.572-15,125
883,65,female,0,own,little,,1098,18,radio/TV,good,2023-04,,573.046.369-39,450
884,43,male,2,own,little,moderate,4057,24,furniture/equipment,bad,2023-01,,761.329.947-34,172
885,53,female,2,own,little,little,795,12,education,bad,2023-02,,282.732.842-98,652
886,34,male,2,own,,moderate,2825,24,business,good,2023-03,,390.633.384-14,753
887,23,male,2,own,little,moderate,15672,48,business,bad,2023-04,,279.100.070-43,219
888,34,male,3,own,little,,6614,36,car,good,2023-01,,992.644.949-28,637
889,40,male,2,rent,,,7824,28,car,good,2023-02,,309.760.432-46,57
890,43,male,3,own,little,little,2442,27,business,good,2023-03,,286.995.216-34,659
891,46,male,2,own,little,,1829,15,radio/TV,good,2023-04,,584.902.497-25,475
892,38,male,1,own,little,little,2171,12,car,good,2023-01,,451.007.685-17,455
893,34,male,2,own,little,moderate,5800,36,car,good,2023-02,,994.644.421-66,828
894,29,male,2,own,,,1169,18,radio/TV,good,2023-03,,516.262.753-43,894
895,31,male,3,own,,,8947,36,car,good,2023-04,,867.212.361-17,360
896,28,female,3,rent,little,little,2606,21,radio/TV,good,2023-01,,811.996.244-38,934
897,35,female,2,own,rich,,1592,12,furniture/equipment,good,2023-02,,705.416.964-67,0
898,33,female,1,rent,,,2186,15,furniture/equipment,good,2023-03,,940.517.121-68,386
899,42,male,2,own,little,little,4153,18,furniture/equipment,bad,2023-04,3434.0,805.181.717-60,972
900,43,male,2,rent,little,little,2625,16,car,bad,2023-01,,529.390.959-22,347
901,44,male,2,own,,,3485,20,car,good,2023-02,,825.945.409-27,189
902,42,male,2,free,,,10477,36,car,good,2023-03,,519.027.785-29,504
903,40,male,2,rent,,,1386,15,radio/TV,good,2023-04,,580.980.111-00,190
904,36,male,3,own,little,,1278,24,radio/TV,good,2023-01,,794.777.711-04,507
905,20,male,3,rent,little,little,1107,12,radio/TV,good,2023-02,,748.426.108-40,368
906,24,male,1,own,,little,3763,21,car,good,2023-03,,295.128.405-53,408
907,27,male,2,own,,moderate,3711,36,education,good,2023-04,,274.322.251-41,823
908,46,female,1,own,little,,3594,15,car,good,2023-01,,367.460.951-77,928
909,33,female,1,own,,moderate,3195,9,car,good,2023-02,,258.785.518-70,933
910,34,female,2,own,little,,4454,36,radio/TV,good,2023-03,,153.698.471-00,116
911,25,female,1,own,little,moderate,4736,24,furniture/equipment,bad,2023-04,,580.761.125-08,133
912,25,female,2,own,,moderate,2991,30,radio/TV,good,2023-01,,342.251.707-30,57
913,28,male,2,own,rich,,2142,11,business,good,2023-02,,555.152.186-98,555
914,31,male,2,rent,little,little,3161,24,business,bad,2023-03,,998.678.409-33,684
915,32,female,3,own,little,moderate,18424,48,vacation/others,bad,2023-04,1684.0,323.151.807-59,671
916,32,male,2,own,moderate,,2848,10,car,good,2023-01,,288.934.386-31,172
917,68,male,3,own,little,little,14896,6,car,bad,2023-02,,255.813.694-10,828
918,33,male,2,own,moderate,little,2359,24,furniture/equipment,bad,2023-03,,964.850.879-82,814
919,39,male,3,rent,little,little,3345,24,furniture/equipment,bad,2023-04,,485.591.327-83,148
920,28,female,2,own,little,,1817,18,furniture/equipment,good,2023-01,,137.026.182-95,79
921,37,male,3,own,quite rich,,12749,48,radio/TV,good,2023-02,,624.568.852-36,885
922,22,female,2,rent,little,little,1366,9,radio/TV,bad,2023-03,,807.408.403-55,212
923,30,male,2,rent,little,moderate,2002,12,car,good,2023-04,,292.619.673-37,202
924,55,male,2,own,little,little,6872,24,furniture/equipment,bad,2023-01,,444.521.086-28,763
925,46,male,2,own,little,little,697,12,car,bad,2023-02,,136.185.155-45,228
926,21,female,2,rent,little,little,1049,18,furniture/equipment,good,2023-03,,128.997.485-30,675
927,39,male,2,free,little,little,10297,48,car,bad,2023-04,,117.642.355-09,226
928,58,male,2,own,,,1867,30,radio/TV,good,2023-01,,183.261.653-36,658
929,43,male,1,own,little,little,1344,12,car,good,2023-02,,177.076.110-12,531
930,24,male,1,own,little,little,1747,24,furniture/equipment,good,2023-03,,979.958.391-89,440
931,22,female,2,own,little,moderate,1670,9,radio/TV,bad,2023-04,,642.255.847-39,401
932,30,male,2,own,little,,1224,9,car,good,2023-01,,649.026.004-20,46
933,42,male,2,own,quite rich,,522,12,radio/TV,good,2023-02,,785.602.894-70,232
934,23,female,2,own,little,little,1498,12,radio/TV,good,2023-03,2256.0,656.549.845-86,304
935,30,male,3,own,moderate,moderate,1919,30,radio/TV,bad,2023-04,,794.151.795-70,525
936,28,female,1,own,little,rich,745,9,radio/TV,bad,2023-01,,617.880.411-35,142
937,30,male,3,rent,little,moderate,2063,6,radio/TV,good,2023-02,,123.593.741-09,414
938,42,male,2,free,little,moderate,6288,60,education,bad,2023-03,,944.553.596-05,512
939,46,male,3,own,,,6842,24,car,good,2023-04,,964.316.392-00,372
940,45,male,3,own,,,3527,12,car,good,2023-01,,358.480.807-39,565
941,31,male,1,own,little,,1546,10,car,good,2023-02,,103.133.211-16,885
942,31,male,2,own,,,929,24,furniture/equipment,good,2023-03,,194.542.873-20,258
943,42,male,1,own,little,,1455,4,car,good,2023-04,,349.025.392-25,655
944,46,female,2,rent,little,little,1845,15,furniture/equipment,good,2023-01,,216.683.198-29,470
945,30,female,2,own,quite rich,moderate,8358,48,car,good,2023-02,,325.544.257-52,952
946,30,male,2,free,quite rich,little,3349,24,furniture/equipment,bad,2023-03,,380.051.608-01,970
947,38,male,3,own,,,2859,12,car,good,2023-04,,504.379.383-01,11
948,43,male,1,own,little,,1533,18,furniture/equipment,bad,2023-01,,502.280.322-45,329
949,31,male,2,own,moderate,,3621,24,radio/TV,bad,2023-02,,783.845.575-86,735
950,40,male,0,own,little,moderate,3590,18,business,good,2023-03,,239.289.643-72,783
951,24,male,2,own,little,little,2145,36,business,bad,2023-04,,266.222.944-61,967
952,28,female,2,rent,quite rich,moderate,4113,24,car,bad,2023-01,,704.423.721-59,357
953,26,female,3,own,little,,10974,36,furniture/equipment,bad,2023-02,,307.636.706-42,971
954,29,female,2,own,little,little,1893,12,car,good,2023-03,4479.0,553.006.085-48,407
955,57,female,3,rent,rich,little,1231,24,radio/TV,good,2023-04,,623.696.806-36,667
956,49,male,1,own,,rich,3656,30,radio/TV,good,2023-01,,773.365.427-00,372
957,37,male,1,own,little,moderate,1154,9,radio/TV,good,2023-02,,966.281.238-55,7
958,45,male,1,own,little,little,4006,28,car,bad,2023-03,,409.680.728-10,121
959,30,male,2,free,moderate,moderate,3069,24,furniture/equipment,good,2023-04,,732.998.266-03,347
960,30,male,2,rent,little,,1740,6,radio/TV,good,2023-01,,660.149.681-21,675
961,47,male,2,own,little,moderate,2353,21,car,good,2023-02,,501.184.170-70,89
962,29,male,2,own,,,3556,15,car,good,2023-03,,210.002.066-88,647
963,35,male,2,own,quite rich,,2397,24,radio/TV,bad,2023-04,,920.648.644-66,697
964,22,male,1,own,little,moderate,454,6,repairs,good,2023-01,,940.135.434-00,315
965,26,female,2,own,,moderate,1715,30,radio/TV,good,2023-02,,975.170.295-09,177
966,23,male,1,own,quite rich,moderate,2520,27,radio/TV,bad,2023-03,,901.970.443-52,539
967,54,female,3,rent,little,,3568,15,radio/TV,good,2023-04,,200.200.009-36,731
968,29,male,2,rent,,,7166,42,radio/TV,good,2023-01,,503.881.991-56,868
969,40,male,1,own,little,little,3939,11,car,good,2023-02,,259.506.327-88,40
970,22,male,2,own,moderate,moderate,1514,15,repairs,good,2023-03,,558.148.347-73,739
971,43,male,1,own,little,,7393,24,car,good,2023-04,,284.058.331-37,703
972,29,female,0,rent,little,little,1193,24,car,bad,2023-01,,132.134.440-65,922
973,36,male,2,rent,little,little,7297,60,business,bad,2023-02,,433.260.963-80,501
974,33,female,2,own,little,,2831,30,radio/TV,good,2023-03,,213.566.180-57,958
975,57,female,1,own,quite rich,rich,1258,24,radio/TV,good,2023-04,,678.027.092-02,144
976,64,female,2,own,little,moderate,753,6,radio/TV,good,2023-01,,367.787.335-51,200
977,42,male,2,own,,moderate,2427,18,business,good,2023-02,,305.789.750-92,928
978,47,male,1,own,little,,2538,24,car,bad,2023-03,,712.782.984-52,723
979,25,male,2,rent,moderate,moderate,1264,15,car,bad,2023-04,,726.938.414-29,460
980,49,male,2,own,little,moderate,8386,30,furniture/equipment,bad,2023-01,,941.129.870-21,731
981,33,male,3,rent,little,,4844,48,business,bad,2023-02,,809.056.431-35,751
982,28,female,3,own,moderate,rich,2923,21,car,good,2023-03,,731.179.501-09,924
983,26,male,2,own,little,little,8229,36,car,bad,2023-04,,241.857.895-05,908
984,30,male,1,own,little,,2028,24,furniture/equipment,good,2023-01,,186.717.649-15,557
985,25,female,2,rent,little,little,1433,15,furniture/equipment,good,2023-02,,778.410.793-54,546
986,33,male,2,own,little,rich,6289,42,business,good,2023-03,,948.698.171-01,252
987,64,female,2,own,moderate,,1409,13,radio/TV,good,2023-04,,941.380.307-27,389
988,29,male,3,free,little,little,6579,24,car,good,2023-01,,348.335.813-70,593
989,48,male,1,own,little,moderate,1743,24,radio/TV,good,2023-02,,285.806.091-60,882
990,37,male,1,own,,,3565,12,education,good,2023-03,,813.111.937-82,255
991,34,male,1,own,moderate,,1569,15,radio/TV,good,2023-04,,386.739.206-47,708
992,23,male,1,rent,,little,1936,18,radio/TV,good,2023-01,,587.363.407-66,814
993,30,male,3,own,little,little,3959,36,furniture/equipment,good,2023-02,,560.331.394-37,920
994,50,male,2,own,,,2390,12,car,good,2023-03,,585.763.948-47,449
995,31,female,1,own,little,,1736,12,furniture/equipment,good,2023-04,,770.630.146-09,9
996,40,male,3,own,little,little,3857,30,car,good,2023-01,,732.160.538-81,823
997,38,male,2,own,little,,804,12,radio/TV,good,2023-02,,215.553.905-36,797
998,23,male,2,free,little,little,1845,45,radio/TV,bad,2023-03,,825.223.274-45,241
999,27,male,2,own,moderate,moderate,4576,45,car,good,2023-04,,130.284.261-70,250
